version 1
nodes
0 "ValveBiped.Bip01_Pelvis" -1
1 "ValveBiped.Bip01_Spine" 0
2 "ValveBiped.Bip01_Spine1" 1
3 "ValveBiped.Bip01_Spine2" 2
4 "ValveBiped.Bip01_Spine4" 3
5 "ValveBiped.Bip01_Neck1" 4
6 "ValveBiped.Bip01_Head1" 5
7 "ValveBiped.forward" 6
8 "+EyeBone L A01" 6
9 "+EyeBoneA02.L" 8
10 "+EyeBone R A01" 6
11 "+EyeBoneA02.R" 10
12 "+HairSB01.L" 6
13 "+HairSB02.L" 12
14 "+HairSB03.L" 13
15 "+HairSB04.L" 14
16 "+HairSE01.L" 6
17 "+HairSD01.L" 6
18 "+HairSD02.L" 17
19 "+HairBA01.L" 6
20 "+HairBA02.L" 19
21 "+HairB CB A01" 6
22 "+HairB CB A02" 21
23 "+HairSB01.R" 6
24 "+HairSB02.R" 23
25 "+HairSB03.R" 24
26 "+HairSB04.R" 25
27 "+HairBA01.R" 6
28 "+HairBA02.R" 27
29 "+HairSD01.R" 6
30 "+HairSD02.R" 29
31 "+HairSC01.L" 6
32 "+HairSC01.R" 6
33 "+ToothBone D A01" 6
34 "+ToothBone U A01" 6
35 "ValveBiped.Bip01_L_Clavicle" 4
36 "ValveBiped.Bip01_L_UpperArm" 35
37 "ValveBiped.Bip01_L_Forearm" 36
38 "ValveBiped.Bip01_L_Hand" 37
39 "ValveBiped.Anim_Attachment_LH" 38
40 "ValveBiped.Bip01_L_Finger4" 38
41 "ValveBiped.Bip01_L_Finger41" 40
42 "ValveBiped.Bip01_L_Finger42" 41
43 "ValveBiped.Bip01_L_Finger3" 38
44 "ValveBiped.Bip01_L_Finger31" 43
45 "ValveBiped.Bip01_L_Finger32" 44
46 "ValveBiped.Bip01_L_Finger2" 38
47 "ValveBiped.Bip01_L_Finger21" 46
48 "ValveBiped.Bip01_L_Finger22" 47
49 "ValveBiped.Bip01_L_Finger1" 38
50 "ValveBiped.Bip01_L_Finger11" 49
51 "ValveBiped.Bip01_L_Finger12" 50
52 "ValveBiped.Bip01_L_Finger0" 38
53 "ValveBiped.Bip01_L_Finger01" 52
54 "ValveBiped.Bip01_L_Finger02" 53
55 "ValveBiped.Bip01_L_Finger02R" 54
56 "ValveBiped.Bip01_L_Finger01R" 53
57 "ValveBiped.Bip01_L_Finger0R" 52
58 "ValveBiped.Bip01_L_Wrist" 37
59 "ValveBiped.Bip01_R_Clavicle" 4
60 "ValveBiped.Bip01_R_UpperArm" 59
61 "ValveBiped.Bip01_R_Forearm" 60
62 "ValveBiped.Bip01_R_Hand" 61
63 "ValveBiped.Anim_Attachment_RH" 62
64 "ValveBiped.Bip01_R_Finger4" 62
65 "ValveBiped.Bip01_R_Finger41" 64
66 "ValveBiped.Bip01_R_Finger42" 65
67 "ValveBiped.Bip01_R_Finger3" 62
68 "ValveBiped.Bip01_R_Finger31" 67
69 "ValveBiped.Bip01_R_Finger32" 68
70 "ValveBiped.Bip01_R_Finger2" 62
71 "ValveBiped.Bip01_R_Finger21" 70
72 "ValveBiped.Bip01_R_Finger22" 71
73 "ValveBiped.Bip01_R_Finger1" 62
74 "ValveBiped.Bip01_R_Finger11" 73
75 "ValveBiped.Bip01_R_Finger12" 74
76 "ValveBiped.Bip01_R_Finger0" 62
77 "ValveBiped.Bip01_R_Finger01" 76
78 "ValveBiped.Bip01_R_Finger02" 77
79 "ValveBiped.Bip01_R_Finger02R" 78
80 "ValveBiped.Bip01_R_Finger01R" 77
81 "ValveBiped.Bip01_R_Finger0R" 76
82 "ValveBiped.Bip01_R_Wrist" 61
83 "+ArmScalfR" 60
84 "breast.R" 4
85 "breast.L" 4
86 "+Chestbag.003" 4
87 "+ChestbagFA" 4
88 "+ChestbagFB" 87
89 "+ChestbagRA" 87
90 "+ChestbagLA" 87
91 "+TabletFB" 87
92 "ValveBiped.Jacket1_bone" 3
93 "ValveBiped.Jacket0_bone" 92
94 "+ChestbagRB" 2
95 "+HipsBackLA" 1
96 "+HipsBackLB" 1
97 "+HipsBackLC" 1
98 "ValveBiped.Bip01_L_Thigh" 0
99 "ValveBiped.Bip01_L_Calf" 98
100 "ValveBiped.Bip01_L_Foot" 99
101 "ValveBiped.Bip01_L_Toe0" 100
102 "+LegBagLA" 98
103 "+LegBagLB" 98
104 "ValveBiped.Bip01_R_Thigh" 0
105 "ValveBiped.Bip01_R_Calf" 104
106 "ValveBiped.Bip01_R_Foot" 105
107 "ValveBiped.Bip01_R_Toe0" 106
108 "+LegBackRA" 104
109 "+PelvisTwist CF A01" 0
110 "plate-border" -1
111 "Plate" 110
112 "Mouth-Control" 111
113 "Mouth-Smile1-Control" 111
114 "Mouth-Smile2-Control" 111
115 "Mouth-Angry1-Control" 111
116 "Mouth-Angry2-Control" 111
117 "Mouth-Angry3-Control" 111
118 "Mouth-Fury1-Control" 111
119 "Mouth-Doya1-Control" 111
120 "Mouth-Doya2-Control" 111
121 "Mouth-Pero1-Control" 111
122 "Mouth-Pero2-Control" 111
123 "Mouth-Neko1-Control" 111
124 "Mouth-Default-Control" 111
125 "Eye-Down-Control" 111
126 "Eye-Up-Control" 111
127 "Eye-Jito-Control" 111
128 "Eye-Tired-Control" 111
129 "Eye-Hostility-Control" 111
130 "Eye-Wail-Control" 111
131 "Eye-LowerEyelid-Control" 111
132 "Eye-Ha-Control" 111
133 "Eye-WinkA-Control" 111
134 "Eye-WinkB-Control" 111
135 "Eye-WinkC-Control" 111
136 "Eye-Star-Control" 111
137 "Eye-Pupil-Control" 111
138 "Wink-Control-R" 111
139 "Wink-Control-L" 111
140 "Brow-Trouble-R-Control" 111
141 "Brow-Trouble-L-Control" 111
142 "Brow-Shy-R-Control" 111
143 "Brow-Shy-L-Control" 111
144 "Brow-Angry-R-Control" 111
145 "Brow-Angry-L-Control" 111
146 "Brow-Smily-R-Control" 111
147 "Brow-Smily-L-Control" 111
148 "Brow-R-Control" 111
149 "Brow-L-Control" 111
150 "WinkA-R-Invis" 111
151 "WinkB-R-Invis" 111
152 "WinkC-R-Invis" 111
153 "WinkA-L-Invis" 111
154 "WinkB-L-Invis" 111
155 "WinkC-L-Invis" 111
156 "eyelid-invis-control" 111
157 "plate-settings" -1
158 "+EyeBone R A01.001" -1
159 "+EyeBone L A01.001" -1
160 "eyetrack" -1
161 "eyetrack_R" 160
162 "eyetrack_L" 160
end
skeleton
time 0
0  0.000000 -0.793021 39.058537  1.570796 -0.000000 0.000000
1  0.000000 3.814846 0.725936  1.570796 -0.027885 1.570796
2  2.316108 0.222517 -0.000000  0.000000 -0.000000 -0.112578
3  2.890794 -0.120074 -0.000001  0.000000 -0.000000 -0.012640
4  0.000002 0.000000 0.000000  0.000000 0.000000 0.155823
5  7.176483 -2.722131 -0.000002  3.141590 -0.000000 0.224118
6  3.274211 0.460034 0.000002  -0.000000 -0.000000 0.109739
7  0.000001 -0.000000 0.000000  -1.570795 0.000001 -1.326366
8  2.652465 -1.659425 -1.420975  -0.286103 0.307239 -3.053860
9  -0.000003 1.437836 -0.000000  0.000001 -1.863948 -0.000001
10  2.652456 -1.659390 1.420837  2.855307 0.308308 0.087532
11  -0.000005 1.438050 0.000002  -0.000001 1.863954 -0.000001
12  3.787115 -0.867085 -3.640509  2.300591 1.570876 -0.621613
13  0.000001 -0.000008 2.428554  0.001860 -0.036182 -0.038151
14  -0.000036 -0.000011 2.673080  0.001407 -0.019304 -0.020373
15  -0.000077 -0.000005 3.002428  -0.000001 0.000001 0.000000
16  1.660134 0.823830 -3.561774  0.543632 2.774415 1.200034
17  4.463524 2.152793 -4.518403  -0.779605 1.368080 2.523292
18  0.000032 -0.000006 3.446188  -0.000000 0.000011 0.000000
19  4.681763 4.844151 -2.892653  2.311878 1.647988 -0.569004
20  -0.000129 -0.000011 3.565027  -0.000000 0.000055 -0.000000
21  4.412220 5.601223 -0.000068  2.312970 1.602968 -0.569811
22  -0.000024 -0.000008 3.550448  -0.000001 0.000021 0.000000
23  3.787112 -0.867106 3.640507  2.362632 1.570721 -0.546866
24  0.000001 -0.000008 2.428556  0.001860 0.036182 0.038151
25  0.000038 -0.000012 2.673078  0.001407 0.019304 0.020373
26  0.000078 -0.000005 3.002426  -0.000001 0.000000 -0.000000
27  4.681760 4.844134 2.892685  2.311942 1.493610 -0.568933
28  0.000131 -0.000009 3.565023  0.000000 -0.000056 0.000000
29  4.463520 2.152767 4.518419  2.362028 1.368072 -0.618225
30  -0.000048 -0.000008 3.446208  -0.000000 -0.000010 -0.000000
31  4.038934 0.624762 -4.357179  0.606149 2.662602 1.137516
32  4.038931 0.624737 4.357186  0.606151 0.478985 1.137518
33  0.644737 -3.762316 -0.000054  2.971874 1.570794 0.000000
34  0.903099 -3.718083 -0.000054  2.903314 1.570793 0.000000
35  6.118126 -2.713616 0.729485  -1.503261 -1.807446 -0.241396
36  3.814778 0.570561 -0.285524  -1.453549 0.015822 0.236131
37  9.183545 0.000001 -0.000001  0.000000 0.000000 0.000000
38  7.830133 0.000001 -0.000003  1.570796 0.000000 0.000000
39  2.675908 -1.712730 0.000287  1.570749 -0.000003 1.569515
40  2.656869 -0.091529 -1.201497  0.000000 0.000000 -0.000000
41  0.957427 0.000001 0.000000  -0.000000 -0.000000 0.000000
42  0.645418 -0.000000 0.000000  0.000000 -0.000000 0.000000
43  2.944331 0.095913 -0.665572  0.000000 0.000000 -0.000000
44  1.205041 0.000000 0.000000  -0.000000 -0.000000 0.000000
45  0.936342 -0.000001 -0.000000  0.000000 0.000000 -0.000000
46  3.029883 0.208043 0.055971  0.000000 0.000000 0.000000
47  1.233899 0.000000 0.000000  -0.000000 -0.000000 0.000000
48  1.030816 -0.000001 0.000000  0.000000 0.000000 -0.000000
49  3.049527 0.170800 0.836550  0.000000 0.000000 0.000000
50  1.080989 0.000001 0.000000  -0.000000 -0.000000 0.000000
51  0.860412 -0.000001 0.000000  -0.000000 0.000000 -0.000000
52  1.121693 -0.383289 0.974553  -1.288895 -0.530151 -0.654546
53  1.039405 -0.317168 0.187489  -0.000052 0.002005 -0.043598
54  0.820005 -0.268149 0.174429  -0.000039 0.013099 -0.286905
55  -0.000007 -0.000005 0.000008  0.267547 -0.646657 -1.763714
56  -0.000007 -0.000002 0.000013  0.253169 -0.658037 -2.043768
57  -0.000007 -0.000002 0.000011  0.228805 -0.723345 -2.019906
58  3.915103 0.000003 -0.000019  1.570797 1.570787 0.000000
59  6.118126 -2.713614 -0.729489  1.431497 1.807447 -0.241414
60  3.814777 0.548630 0.325705  1.523338 -0.032558 0.234441
61  9.183540 -0.000001 0.000000  -0.000000 0.000000 -0.000000
62  7.830132 -0.000002 0.000005  -1.570796 -0.000000 0.000000
63  2.676232 -1.712216 0.000225  -1.570788 0.000054 -1.569768
64  2.656830 -0.091500 1.201455  -0.000000 0.000000 -0.000000
65  0.957445 -0.000001 0.000000  0.000000 0.000000 0.000000
66  0.645394 -0.000001 0.000000  0.000000 -0.000000 0.000000
67  2.944287 0.095943 0.665530  -0.000000 0.000001 -0.000000
68  1.205064 -0.000000 0.000001  -0.000000 -0.000000 0.000000
69  0.936314 -0.000002 0.000001  0.000000 0.000000 -0.000000
70  3.029841 0.208072 -0.056013  -0.000000 0.000001 -0.000000
71  1.233925 -0.000000 0.000001  -0.000000 -0.000000 0.000000
72  1.030821 -0.000001 0.000000  0.000000 0.000000 0.000000
73  3.049488 0.170818 -0.836593  -0.000000 0.000001 -0.000000
74  1.080980 -0.000000 0.000000  0.000000 -0.000000 0.000000
75  0.860413 -0.000001 0.000000  0.000000 0.000000 -0.000000
76  1.121659 -0.383263 -0.974596  1.289015 0.530125 -0.654317
77  1.039408 -0.317253 -0.187303  0.000015 -0.002031 -0.043474
78  0.819974 -0.268308 -0.174317  0.000044 -0.013104 -0.286813
79  -0.000008 -0.000004 -0.000017  0.267394 -2.494835 -1.763913
80  -0.000011 -0.000001 -0.000019  -2.888575 -0.658146 1.097715
81  -0.000010 -0.000001 -0.000017  0.228581 -2.418174 -2.019840
82  3.915085 -0.000045 0.000001  0.000017 1.745174 -1.570780
83  3.230117 0.768710 -2.524122  -2.499932 -0.603812 0.810745
84  2.398526 0.951881 -2.142926  2.539943 -0.684174 1.204524
85  2.398527 0.951879 2.142926  -0.601650 -0.684173 -1.937068
86  1.035939 -4.422436 -0.000002  -0.000000 -2.508457 1.320404
87  1.924479 1.978085 0.000000  -0.000000 -2.508466 1.504548
88  -1.839589 5.141037 -1.350103  0.134024 0.012321 -0.183091
89  -3.100814 0.560355 2.991918  0.016390 0.101784 0.004128
90  2.000938 0.689596 -2.779057  -0.107852 0.097386 -0.025640
91  -1.849386 -1.569393 -1.425593  0.306863 1.245657 -2.717397
92  0.280442 2.817077 5.211884  1.570798 0.640459 1.668132
93  0.000008 -0.000005 -4.507171  0.000000 0.000000 0.004209
94  3.228371 -0.079557 -4.392854  0.010738 -2.407290 1.589272
95  -0.549547 -0.041034 5.953967  -0.154285 -2.502032 1.594443
96  -0.541930 -1.686887 6.046609  -0.153387 -2.509880 1.657085
97  0.272028 -3.331350 4.640182  -0.076665 -2.508571 1.782286
98  3.293467 0.000000 0.000000  -1.570796 -0.000000 -1.570796
99  17.114782 -0.000003 0.000001  0.000000 -0.000000 -0.000000
100  17.907839 -0.000002 0.000000  0.043955 -0.022259 -1.073018
101  4.224803 1.131797 0.018362  -0.011136 0.000946 -0.500518
102  6.401489 -1.483540 3.539749  0.076728 -2.447568 -1.663949
103  6.470481 0.309108 3.621713  0.076728 -2.447568 -1.663949
104  -3.293467 0.000000 0.000000  -1.570796 -0.000000 -1.570796
105  17.114786 -0.000003 0.000001  0.000000 -0.000000 -0.000000
106  17.907839 -0.000002 0.000001  -0.034455 0.019711 -1.075410
107  4.221901 1.142039 -0.039575  -0.078654 -0.006189 -0.498949
108  0.036244 -0.191575 -3.924014  0.102057 -2.553450 -1.621451
109  0.041725 0.019779 0.013201  0.588509 -1.052789 -1.653519
110  14.283292 0.000000 54.157124  1.570796 -0.000000 0.000000
111  0.000000 0.000004 0.000000  -0.000000 -0.000000 0.000000
112  0.000000 -3.029785 0.000000  0.000000 -0.000000 0.000000
113  4.544684 0.216415 0.000000  -0.000000 -0.000000 0.000000
114  8.440127 0.216415 0.000000  -0.000000 -0.000000 0.000000
115  4.544684 -1.082062 0.000000  -0.000000 -0.000000 0.000000
116  8.440127 -1.082062 0.000000  -0.000000 -0.000000 0.000000
117  4.544684 -2.380539 0.000000  -0.000000 -0.000000 0.000000
118  8.440127 -2.380539 0.000000  -0.000000 -0.000000 0.000000
119  4.544684 -3.679024 0.000000  -0.000000 -0.000000 0.000000
120  8.440127 -3.679024 0.000000  -0.000000 -0.000000 0.000000
121  4.544684 -4.977501 0.000000  -0.000000 -0.000000 0.000000
122  8.440127 -4.977501 0.000000  -0.000000 -0.000000 0.000000
123  4.544684 -6.275982 0.000000  -0.000000 -0.000000 0.000000
124  8.440127 -6.275982 0.000000  -0.000000 -0.000000 0.000000
125  -3.246203 6.925220 -0.000000  -0.000000 -0.000000 0.000000
126  -3.246203 10.171421 -0.000000  -0.000000 -0.000000 0.000000
127  -1.947721 6.925220 -0.000000  -0.000000 -0.000000 0.000000
128  -1.947721 10.171421 -0.000000  -0.000000 -0.000000 0.000000
129  -0.649240 6.925220 -0.000000  -0.000000 -0.000000 0.000000
130  -0.649240 10.171421 -0.000000  -0.000000 -0.000000 0.000000
131  0.649240 6.925220 -0.000000  -0.000000 -0.000000 0.000000
132  0.649240 10.171421 -0.000000  -0.000000 -0.000000 0.000000
133  3.679029 11.469898 -0.000000  -0.000000 -0.000000 0.000000
134  3.679029 10.171421 -0.000000  -0.000000 -0.000000 0.000000
135  3.679029 8.872944 0.000000  -0.000000 -0.000000 0.000000
136  3.679029 6.925220 -0.000000  -0.000000 -0.000000 0.000000
137  4.977511 6.925220 -0.000000  -0.000000 -0.000000 0.000000
138  2.380548 10.863941 -0.000000  -0.000000 -0.000000 0.000000
139  6.275992 10.863941 -0.000000  -0.000000 -0.000000 0.000000
140  -3.246203 22.290554 -0.000000  0.000000 -0.000000 0.000000
141  0.649240 22.290554 -0.000000  0.000000 -0.000000 0.000000
142  -3.246203 20.992077 -0.000000  0.000000 -0.000000 0.000000
143  0.649240 20.992077 -0.000000  0.000000 -0.000000 0.000000
144  -3.246203 19.693600 -0.000000  0.000000 -0.000000 0.000000
145  0.649240 19.693600 -0.000000  0.000000 -0.000000 0.000000
146  -3.246203 18.395115 -0.000000  -0.000000 -0.000000 0.000000
147  0.649240 18.395115 -0.000000  -0.000000 -0.000000 0.000000
148  -2.164135 16.014576 -0.000000  -0.000000 -0.000000 0.000000
149  1.731307 16.014576 -0.000000  -0.000000 -0.000000 0.000000
150  11.469916 10.863941 -0.000000  -0.000000 -0.000000 0.000000
151  11.902741 10.863941 -0.000000  -0.000000 -0.000000 0.000000
152  12.335568 10.863941 -0.000000  -0.000000 -0.000000 0.000000
153  13.201224 10.863941 -0.000000  -0.000000 -0.000000 0.000000
154  13.634051 10.863941 -0.000000  -0.000000 -0.000000 0.000000
155  14.066878 10.863941 -0.000000  -0.000000 -0.000000 0.000000
156  11.469916 3.073067 -0.000000  0.000000 -0.000000 0.000000
157  0.000000 0.000000 79.071037  1.570796 -0.000000 0.000000
158  -1.420841 -2.579385 59.757206  0.000000 1.424526 3.141593
159  1.420971 -2.579428 59.757206  0.000000 1.424525 3.141593
160  0.000065 -12.984776 59.757206  1.570796 -0.000000 0.000000
161  -1.420906 0.000000 0.000000  0.000000 -0.000000 0.000000
162  1.420906 0.000000 0.000000  0.000000 -0.000000 0.000000
end
triangles
  phy
0  1.691918 2.719188 39.217636  0.016315 0.881650 0.471621  0.000000 0.000000 1 0 1.000000
0  2.476884 2.316736 39.830040  0.178215 0.829834 0.528787  0.000000 0.000000 1 0 1.000000
0  2.333849 2.821107 38.719963  0.052973 0.975734 0.212455  0.000000 0.000000 1 0 1.000000
  phy
0  2.333849 2.821107 38.719963  0.052973 0.975734 0.212455  0.000000 0.000000 1 0 1.000000
0  2.476884 2.316736 39.830040  0.178215 0.829834 0.528787  0.000000 0.000000 1 0 1.000000
0  3.276082 2.521573 38.851448  0.435979 0.801412 0.409464  0.000000 0.000000 1 0 1.000000
  phy
0  2.476884 2.316736 39.830040  0.178215 0.829834 0.528787  0.000000 0.000000 1 0 1.000000
0  2.913786 1.824886 40.147873  0.480509 0.687276 0.544759  0.000000 0.000000 1 0 1.000000
0  3.276082 2.521573 38.851448  0.435979 0.801412 0.409464  0.000000 0.000000 1 0 1.000000
  phy
0  2.913786 1.824886 40.147873  0.480509 0.687276 0.544759  0.000000 0.000000 1 0 1.000000
0  2.476884 2.316736 39.830040  0.178215 0.829834 0.528787  0.000000 0.000000 1 0 1.000000
0  1.963742 0.508416 42.533577  0.231025 0.616711 0.752526  0.000000 0.000000 1 0 1.000000
  phy
0  2.476884 2.316736 39.830040  0.178215 0.829834 0.528787  0.000000 0.000000 1 0 1.000000
0  1.691918 2.719188 39.217636  0.016315 0.881650 0.471621  0.000000 0.000000 1 0 1.000000
0  0.391088 0.945991 42.291683  0.002679 0.831466 0.555568  0.000000 0.000000 1 0 1.000000
  phy
0  2.476884 2.316736 39.830040  0.178215 0.829834 0.528787  0.000000 0.000000 1 0 1.000000
0  0.391088 0.945991 42.291683  0.002679 0.831466 0.555568  0.000000 0.000000 1 0 1.000000
0  1.963742 0.508416 42.533577  0.231025 0.616711 0.752526  0.000000 0.000000 1 0 1.000000
  phy
0  0.391088 0.945991 42.291683  0.002679 0.831466 0.555568  0.000000 0.000000 1 0 1.000000
0  1.691918 2.719188 39.217636  0.016315 0.881650 0.471621  0.000000 0.000000 1 0 1.000000
0  -1.684516 2.719207 39.217651  -0.010601 0.895692 0.444549  0.000000 0.000000 1 0 1.000000
  phy
0  1.691918 2.719188 39.217636  0.016315 0.881650 0.471621  0.000000 0.000000 1 0 1.000000
0  2.333849 2.821107 38.719963  0.052973 0.975734 0.212455  0.000000 0.000000 1 0 1.000000
0  -1.684516 2.719207 39.217651  -0.010601 0.895692 0.444549  0.000000 0.000000 1 0 1.000000
  phy
0  2.356891 2.966095 37.905689  0.046678 0.997159 0.059113  0.000000 0.000000 1 0 1.000000
0  2.333849 2.821107 38.719963  0.052973 0.975734 0.212455  0.000000 0.000000 1 0 1.000000
0  3.428596 2.672152 38.048450  0.739603 0.082960 -0.667911  0.000000 0.000000 1 0 1.000000
  phy
0  2.356891 2.966095 37.905689  0.046678 0.997159 0.059113  0.000000 0.000000 1 0 1.000000
0  3.428596 2.672152 38.048450  0.739603 0.082960 -0.667911  0.000000 0.000000 1 0 1.000000
0  2.382648 2.905593 37.253971  0.073433 0.924945 -0.372940  0.000000 0.000000 1 0 1.000000
  phy
0  2.333849 2.821107 38.719963  0.052973 0.975734 0.212455  0.000000 0.000000 1 0 1.000000
0  2.356891 2.966095 37.905689  0.046678 0.997159 0.059113  0.000000 0.000000 1 0 1.000000
0  -2.349524 2.966123 37.905720  -0.034287 0.997978 0.053519  0.000000 0.000000 1 0 1.000000
  phy
0  2.356891 2.966095 37.905689  0.046678 0.997159 0.059113  0.000000 0.000000 1 0 1.000000
0  2.382648 2.905593 37.253971  0.073433 0.924945 -0.372940  0.000000 0.000000 1 0 1.000000
0  -2.349524 2.966123 37.905720  -0.034287 0.997978 0.053519  0.000000 0.000000 1 0 1.000000
  phy
0  0.391088 0.945991 42.291683  0.002679 0.831466 0.555568  0.000000 0.000000 1 0 1.000000
0  -2.469498 2.316773 39.830059  -0.144503 0.833007 0.534059  0.000000 0.000000 1 0 1.000000
0  -1.956347 0.508438 42.533600  -0.154542 0.520095 0.840011  0.000000 0.000000 1 0 1.000000
  phy
0  0.391088 0.945991 42.291683  0.002679 0.831466 0.555568  0.000000 0.000000 1 0 1.000000
0  -1.956347 0.508438 42.533600  -0.154542 0.520095 0.840011  0.000000 0.000000 1 0 1.000000
0  1.963742 0.508416 42.533577  0.231025 0.616711 0.752526  0.000000 0.000000 1 0 1.000000
  phy
0  -2.469498 2.316773 39.830059  -0.144503 0.833007 0.534059  0.000000 0.000000 1 0 1.000000
0  0.391088 0.945991 42.291683  0.002679 0.831466 0.555568  0.000000 0.000000 1 0 1.000000
0  -1.684516 2.719207 39.217651  -0.010601 0.895692 0.444549  0.000000 0.000000 1 0 1.000000
  phy
0  0.003645 -5.045754 39.350471  -0.000137 -0.999979 -0.006409  0.000000 0.000000 1 0 1.000000
0  0.878759 -4.903187 40.210297  0.086931 -0.980784 0.174660  0.000000 0.000000 1 0 1.000000
0  -0.871476 -4.903174 40.210312  -0.088680 -0.986102 0.140492  0.000000 0.000000 1 0 1.000000
  phy
0  0.878759 -4.903187 40.210297  0.086931 -0.980784 0.174660  0.000000 0.000000 1 0 1.000000
0  -0.730462 -4.705893 41.233467  -0.058087 -0.947222 0.315272  0.000000 0.000000 1 0 1.000000
0  -0.871476 -4.903174 40.210312  -0.088680 -0.986102 0.140492  0.000000 0.000000 1 0 1.000000
  phy
0  -0.871476 -4.903174 40.210312  -0.088680 -0.986102 0.140492  0.000000 0.000000 1 0 1.000000
0  -0.730462 -4.705893 41.233467  -0.058087 -0.947222 0.315272  0.000000 0.000000 1 0 1.000000
0  -1.308689 -4.660189 41.054630  -0.279592 -0.933324 0.225242  0.000000 0.000000 1 0 1.000000
  phy
0  -1.971998 -4.784481 39.325916  -0.223726 -0.972345 0.067017  0.000000 0.000000 1 0 1.000000
0  0.003645 -5.045754 39.350471  -0.000137 -0.999979 -0.006409  0.000000 0.000000 1 0 1.000000
0  -0.871476 -4.903174 40.210312  -0.088680 -0.986102 0.140492  0.000000 0.000000 1 0 1.000000
  phy
0  -0.871476 -4.903174 40.210312  -0.088680 -0.986102 0.140492  0.000000 0.000000 1 0 1.000000
0  -1.308689 -4.660189 41.054630  -0.279592 -0.933324 0.225242  0.000000 0.000000 1 0 1.000000
0  -1.971998 -4.784481 39.325916  -0.223726 -0.972345 0.067017  0.000000 0.000000 1 0 1.000000
  phy
0  0.003643 -4.960402 38.594296  0.000010 -0.979600 -0.200955  0.000000 0.000000 1 0 1.000000
0  -1.663958 -4.789748 38.662178  -0.160176 -0.974403 -0.157743  0.000000 0.000000 1 0 1.000000
0  -1.086035 -4.617115 37.504772  -0.202410 -0.891850 -0.404517  0.000000 0.000000 1 0 1.000000
  phy
0  0.003645 -5.045754 39.350471  -0.000137 -0.999979 -0.006409  0.000000 0.000000 1 0 1.000000
0  -1.663958 -4.789748 38.662178  -0.160176 -0.974403 -0.157743  0.000000 0.000000 1 0 1.000000
0  0.003643 -4.960402 38.594296  0.000010 -0.979600 -0.200955  0.000000 0.000000 1 0 1.000000
  phy
0  -1.086035 -4.617115 37.504772  -0.202410 -0.891850 -0.404517  0.000000 0.000000 1 0 1.000000
0  0.003656 -4.626491 37.484055  -0.000008 -0.921740 -0.387807  0.000000 0.000000 1 0 1.000000
0  0.003643 -4.960402 38.594296  0.000010 -0.979600 -0.200955  0.000000 0.000000 1 0 1.000000
  phy
0  0.003643 -4.960402 38.594296  0.000010 -0.979600 -0.200955  0.000000 0.000000 1 0 1.000000
0  0.003656 -4.626491 37.484055  -0.000008 -0.921740 -0.387807  0.000000 0.000000 1 0 1.000000
0  1.093306 -4.617126 37.504753  0.131130 -0.911499 -0.389838  0.000000 0.000000 1 0 1.000000
  phy
0  0.003643 -4.960402 38.594296  0.000010 -0.979600 -0.200955  0.000000 0.000000 1 0 1.000000
0  1.671185 -4.789776 38.662167  0.135595 -0.979800 -0.146990  0.000000 0.000000 1 0 1.000000
0  0.003645 -5.045754 39.350471  -0.000137 -0.999979 -0.006409  0.000000 0.000000 1 0 1.000000
  phy
0  1.093306 -4.617126 37.504753  0.131130 -0.911499 -0.389838  0.000000 0.000000 1 0 1.000000
0  1.671185 -4.789776 38.662167  0.135595 -0.979800 -0.146990  0.000000 0.000000 1 0 1.000000
0  0.003643 -4.960402 38.594296  0.000010 -0.979600 -0.200955  0.000000 0.000000 1 0 1.000000
  phy
0  1.093306 -4.617126 37.504753  0.131130 -0.911499 -0.389838  0.000000 0.000000 1 0 1.000000
0  1.356249 -4.067689 36.923073  0.542501 -0.277081 -0.793044  0.000000 0.000000 1 0 1.000000
0  2.333206 -4.553209 38.126842  0.317606 -0.880814 -0.351131  0.000000 0.000000 1 0 1.000000
  phy
0  1.356249 -4.067689 36.923073  0.542501 -0.277081 -0.793044  0.000000 0.000000 1 0 1.000000
0  3.456705 -4.256532 38.613632  0.629473 -0.228064 -0.742799  0.000000 0.000000 1 0 1.000000
0  2.333206 -4.553209 38.126842  0.317606 -0.880814 -0.351131  0.000000 0.000000 1 0 1.000000
  phy
0  1.979279 -4.784505 39.325901  0.249595 -0.965156 0.078591  0.000000 0.000000 1 0 1.000000
0  1.671185 -4.789776 38.662167  0.135595 -0.979800 -0.146990  0.000000 0.000000 1 0 1.000000
0  2.333206 -4.553209 38.126842  0.317606 -0.880814 -0.351131  0.000000 0.000000 1 0 1.000000
  phy
0  2.333206 -4.553209 38.126842  0.317606 -0.880814 -0.351131  0.000000 0.000000 1 0 1.000000
0  3.456705 -4.256532 38.613632  0.629473 -0.228064 -0.742799  0.000000 0.000000 1 0 1.000000
0  1.979279 -4.784505 39.325901  0.249595 -0.965156 0.078591  0.000000 0.000000 1 0 1.000000
  phy
0  2.333206 -4.553209 38.126842  0.317606 -0.880814 -0.351131  0.000000 0.000000 1 0 1.000000
0  1.671185 -4.789776 38.662167  0.135595 -0.979800 -0.146990  0.000000 0.000000 1 0 1.000000
0  1.093306 -4.617126 37.504753  0.131130 -0.911499 -0.389838  0.000000 0.000000 1 0 1.000000
  phy
0  4.192526 -3.512411 40.685650  0.618122 -0.704103 0.349520  0.000000 0.000000 1 0 1.000000
0  2.400256 -3.868138 42.580189  0.258801 -0.376366 0.889590  0.000000 0.000000 1 0 1.000000
0  3.591572 -4.054285 40.049950  0.459698 -0.849735 0.258126  0.000000 0.000000 1 0 1.000000
  phy
0  3.591572 -4.054285 40.049950  0.459698 -0.849735 0.258126  0.000000 0.000000 1 0 1.000000
0  2.400256 -3.868138 42.580189  0.258801 -0.376366 0.889590  0.000000 0.000000 1 0 1.000000
0  3.246855 -4.352806 39.602627  0.356723 -0.917048 0.178247  0.000000 0.000000 1 0 1.000000
  phy
0  3.591572 -4.054285 40.049950  0.459698 -0.849735 0.258126  0.000000 0.000000 1 0 1.000000
0  4.487390 -3.716597 39.367207  0.739222 -0.138941 -0.658974  0.000000 0.000000 1 0 1.000000
0  4.192526 -3.512411 40.685650  0.618122 -0.704103 0.349520  0.000000 0.000000 1 0 1.000000
  phy
0  3.246855 -4.352806 39.602627  0.356723 -0.917048 0.178247  0.000000 0.000000 1 0 1.000000
0  4.487390 -3.716597 39.367207  0.739222 -0.138941 -0.658974  0.000000 0.000000 1 0 1.000000
0  3.591572 -4.054285 40.049950  0.459698 -0.849735 0.258126  0.000000 0.000000 1 0 1.000000
  phy
0  3.428596 2.672152 38.048450  0.739603 0.082960 -0.667911  0.000000 0.000000 1 0 1.000000
0  2.333849 2.821107 38.719963  0.052973 0.975734 0.212455  0.000000 0.000000 1 0 1.000000
0  3.276082 2.521573 38.851448  0.435979 0.801412 0.409464  0.000000 0.000000 1 0 1.000000
  phy
0  2.333849 2.821107 38.719963  0.052973 0.975734 0.212455  0.000000 0.000000 1 0 1.000000
0  -2.326481 2.821135 38.719975  -0.084475 0.969602 0.229641  0.000000 0.000000 1 0 1.000000
0  -1.684516 2.719207 39.217651  -0.010601 0.895692 0.444549  0.000000 0.000000 1 0 1.000000
  phy
0  -2.326481 2.821135 38.719975  -0.084475 0.969602 0.229641  0.000000 0.000000 1 0 1.000000
0  2.333849 2.821107 38.719963  0.052973 0.975734 0.212455  0.000000 0.000000 1 0 1.000000
0  -2.349524 2.966123 37.905720  -0.034287 0.997978 0.053519  0.000000 0.000000 1 0 1.000000
  phy
0  -2.326481 2.821135 38.719975  -0.084475 0.969602 0.229641  0.000000 0.000000 1 0 1.000000
0  -2.469498 2.316773 39.830059  -0.144503 0.833007 0.534059  0.000000 0.000000 1 0 1.000000
0  -1.684516 2.719207 39.217651  -0.010601 0.895692 0.444549  0.000000 0.000000 1 0 1.000000
  phy
0  -2.469498 2.316773 39.830059  -0.144503 0.833007 0.534059  0.000000 0.000000 1 0 1.000000
0  -2.326481 2.821135 38.719975  -0.084475 0.969602 0.229641  0.000000 0.000000 1 0 1.000000
0  -3.268705 2.521610 38.851482  -0.434336 0.801992 0.410075  0.000000 0.000000 1 0 1.000000
  phy
0  -2.326481 2.821135 38.719975  -0.084475 0.969602 0.229641  0.000000 0.000000 1 0 1.000000
0  -3.421243 2.672187 38.048500  -0.453484 0.878176 0.152184  0.000000 0.000000 1 0 1.000000
0  -3.268705 2.521610 38.851482  -0.434336 0.801992 0.410075  0.000000 0.000000 1 0 1.000000
  phy
0  -3.421243 2.672187 38.048500  -0.453484 0.878176 0.152184  0.000000 0.000000 1 0 1.000000
0  -2.326481 2.821135 38.719975  -0.084475 0.969602 0.229641  0.000000 0.000000 1 0 1.000000
0  -2.349524 2.966123 37.905720  -0.034287 0.997978 0.053519  0.000000 0.000000 1 0 1.000000
  phy
0  -2.469498 2.316773 39.830059  -0.144503 0.833007 0.534059  0.000000 0.000000 1 0 1.000000
0  -2.906350 1.824901 40.147915  -0.480275 0.687332 0.544895  0.000000 0.000000 1 0 1.000000
0  -1.956347 0.508438 42.533600  -0.154542 0.520095 0.840011  0.000000 0.000000 1 0 1.000000
  phy
0  -2.906350 1.824901 40.147915  -0.480275 0.687332 0.544895  0.000000 0.000000 1 0 1.000000
0  -2.469498 2.316773 39.830059  -0.144503 0.833007 0.534059  0.000000 0.000000 1 0 1.000000
0  -3.268705 2.521610 38.851482  -0.434336 0.801992 0.410075  0.000000 0.000000 1 0 1.000000
  phy
0  -1.086035 -4.617115 37.504772  -0.202410 -0.891850 -0.404517  0.000000 0.000000 1 0 1.000000
0  -1.663958 -4.789748 38.662178  -0.160176 -0.974403 -0.157743  0.000000 0.000000 1 0 1.000000
0  -2.853586 -4.497889 38.809643  -0.289010 -0.943168 -0.164036  0.000000 0.000000 1 0 1.000000
  phy
0  -2.853586 -4.497889 38.809643  -0.289010 -0.943168 -0.164036  0.000000 0.000000 1 0 1.000000
0  -3.449403 -4.256495 38.613667  -0.462793 -0.790696 -0.400779  0.000000 0.000000 1 0 1.000000
0  -1.086035 -4.617115 37.504772  -0.202410 -0.891850 -0.404517  0.000000 0.000000 1 0 1.000000
  phy
0  -1.086035 -4.617115 37.504772  -0.202410 -0.891850 -0.404517  0.000000 0.000000 1 0 1.000000
0  -3.449403 -4.256495 38.613667  -0.462793 -0.790696 -0.400779  0.000000 0.000000 1 0 1.000000
0  -1.962939 -3.945968 37.038677  -0.602678 -0.201666 -0.772082  0.000000 0.000000 1 0 1.000000
  phy
0  -1.086035 -4.617115 37.504772  -0.202410 -0.891850 -0.404517  0.000000 0.000000 1 0 1.000000
0  -1.962939 -3.945968 37.038677  -0.602678 -0.201666 -0.772082  0.000000 0.000000 1 0 1.000000
0  0.003636 -4.151229 36.671505  -0.036093 -0.674808 -0.737110  0.000000 0.000000 1 0 1.000000
  phy
0  0.003636 -4.151229 36.671505  -0.036093 -0.674808 -0.737110  0.000000 0.000000 1 0 1.000000
0  0.003656 -4.626491 37.484055  -0.000008 -0.921740 -0.387807  0.000000 0.000000 1 0 1.000000
0  -1.086035 -4.617115 37.504772  -0.202410 -0.891850 -0.404517  0.000000 0.000000 1 0 1.000000
  phy
0  4.311655 1.662277 39.016235  0.751025 0.537524 0.383445  0.000000 0.000000 1 0 1.000000
0  5.307666 -1.374881 40.165863  0.974229 0.195451 -0.112595  0.000000 0.000000 1 0 1.000000
0  3.428596 2.672152 38.048450  0.739603 0.082960 -0.667911  0.000000 0.000000 1 0 1.000000
  phy
0  3.428596 2.672152 38.048450  0.739603 0.082960 -0.667911  0.000000 0.000000 1 0 1.000000
0  5.307666 -1.374881 40.165863  0.974229 0.195451 -0.112595  0.000000 0.000000 1 0 1.000000
0  4.487390 -3.716597 39.367207  0.739222 -0.138941 -0.658974  0.000000 0.000000 1 0 1.000000
  phy
0  3.428596 2.672152 38.048450  0.739603 0.082960 -0.667911  0.000000 0.000000 1 0 1.000000
0  4.487390 -3.716597 39.367207  0.739222 -0.138941 -0.658974  0.000000 0.000000 1 0 1.000000
0  1.514942 2.187181 36.213928  0.514779 0.095641 -0.851971  0.000000 0.000000 1 0 1.000000
  phy
0  2.382648 2.905593 37.253971  0.073433 0.924945 -0.372940  0.000000 0.000000 1 0 1.000000
0  3.428596 2.672152 38.048450  0.739603 0.082960 -0.667911  0.000000 0.000000 1 0 1.000000
0  1.514942 2.187181 36.213928  0.514779 0.095641 -0.851971  0.000000 0.000000 1 0 1.000000
  phy
0  4.311655 1.662277 39.016235  0.751025 0.537524 0.383445  0.000000 0.000000 1 0 1.000000
0  3.428596 2.672152 38.048450  0.739603 0.082960 -0.667911  0.000000 0.000000 1 0 1.000000
0  3.276082 2.521573 38.851448  0.435979 0.801412 0.409464  0.000000 0.000000 1 0 1.000000
  phy
0  -1.971998 -4.784481 39.325916  -0.223726 -0.972345 0.067017  0.000000 0.000000 1 0 1.000000
0  -3.239592 -4.352766 39.602699  -0.356313 -0.917335 0.177588  0.000000 0.000000 1 0 1.000000
0  -2.853586 -4.497889 38.809643  -0.289010 -0.943168 -0.164036  0.000000 0.000000 1 0 1.000000
  phy
0  -2.853586 -4.497889 38.809643  -0.289010 -0.943168 -0.164036  0.000000 0.000000 1 0 1.000000
0  -1.663958 -4.789748 38.662178  -0.160176 -0.974403 -0.157743  0.000000 0.000000 1 0 1.000000
0  -1.971998 -4.784481 39.325916  -0.223726 -0.972345 0.067017  0.000000 0.000000 1 0 1.000000
  phy
0  -1.971998 -4.784481 39.325916  -0.223726 -0.972345 0.067017  0.000000 0.000000 1 0 1.000000
0  -1.663958 -4.789748 38.662178  -0.160176 -0.974403 -0.157743  0.000000 0.000000 1 0 1.000000
0  0.003645 -5.045754 39.350471  -0.000137 -0.999979 -0.006409  0.000000 0.000000 1 0 1.000000
  phy
0  -1.971998 -4.784481 39.325916  -0.223726 -0.972345 0.067017  0.000000 0.000000 1 0 1.000000
0  -1.308689 -4.660189 41.054630  -0.279592 -0.933324 0.225242  0.000000 0.000000 1 0 1.000000
0  -3.239592 -4.352766 39.602699  -0.356313 -0.917335 0.177588  0.000000 0.000000 1 0 1.000000
  phy
0  -3.239592 -4.352766 39.602699  -0.356313 -0.917335 0.177588  0.000000 0.000000 1 0 1.000000
0  -3.449403 -4.256495 38.613667  -0.462793 -0.790696 -0.400779  0.000000 0.000000 1 0 1.000000
0  -2.853586 -4.497889 38.809643  -0.289010 -0.943168 -0.164036  0.000000 0.000000 1 0 1.000000
  phy
0  -3.239592 -4.352766 39.602699  -0.356313 -0.917335 0.177588  0.000000 0.000000 1 0 1.000000
0  -2.393049 -3.868074 42.580338  -0.154955 -0.323462 0.933467  0.000000 0.000000 1 0 1.000000
0  -3.584278 -4.054212 40.050034  -0.459732 -0.849712 0.258139  0.000000 0.000000 1 0 1.000000
  phy
0  -2.393049 -3.868074 42.580338  -0.154955 -0.323462 0.933467  0.000000 0.000000 1 0 1.000000
0  -4.185199 -3.512360 40.685715  -0.618481 -0.703864 0.349366  0.000000 0.000000 1 0 1.000000
0  -3.584278 -4.054212 40.050034  -0.459732 -0.849712 0.258139  0.000000 0.000000 1 0 1.000000
  phy
0  -3.584278 -4.054212 40.050034  -0.459732 -0.849712 0.258139  0.000000 0.000000 1 0 1.000000
0  -4.480083 -3.716545 39.367252  -0.763197 -0.202633 -0.613572  0.000000 0.000000 1 0 1.000000
0  -3.239592 -4.352766 39.602699  -0.356313 -0.917335 0.177588  0.000000 0.000000 1 0 1.000000
  phy
0  -3.584278 -4.054212 40.050034  -0.459732 -0.849712 0.258139  0.000000 0.000000 1 0 1.000000
0  -4.185199 -3.512360 40.685715  -0.618481 -0.703864 0.349366  0.000000 0.000000 1 0 1.000000
0  -4.480083 -3.716545 39.367252  -0.763197 -0.202633 -0.613572  0.000000 0.000000 1 0 1.000000
  phy
0  0.003645 -5.045754 39.350471  -0.000137 -0.999979 -0.006409  0.000000 0.000000 1 0 1.000000
0  1.671185 -4.789776 38.662167  0.135595 -0.979800 -0.146990  0.000000 0.000000 1 0 1.000000
0  1.979279 -4.784505 39.325901  0.249595 -0.965156 0.078591  0.000000 0.000000 1 0 1.000000
  phy
0  1.979279 -4.784505 39.325901  0.249595 -0.965156 0.078591  0.000000 0.000000 1 0 1.000000
0  0.878759 -4.903187 40.210297  0.086931 -0.980784 0.174660  0.000000 0.000000 1 0 1.000000
0  0.003645 -5.045754 39.350471  -0.000137 -0.999979 -0.006409  0.000000 0.000000 1 0 1.000000
  phy
0  1.979279 -4.784505 39.325901  0.249595 -0.965156 0.078591  0.000000 0.000000 1 0 1.000000
0  3.456705 -4.256532 38.613632  0.629473 -0.228064 -0.742799  0.000000 0.000000 1 0 1.000000
0  3.246855 -4.352806 39.602627  0.356723 -0.917048 0.178247  0.000000 0.000000 1 0 1.000000
  phy
0  1.979279 -4.784505 39.325901  0.249595 -0.965156 0.078591  0.000000 0.000000 1 0 1.000000
0  3.246855 -4.352806 39.602627  0.356723 -0.917048 0.178247  0.000000 0.000000 1 0 1.000000
0  1.241849 -4.383492 42.405563  0.139977 -0.918446 0.369951  0.000000 0.000000 1 0 1.000000
  phy
0  1.241849 -4.383492 42.405563  0.139977 -0.918446 0.369951  0.000000 0.000000 1 0 1.000000
0  0.878759 -4.903187 40.210297  0.086931 -0.980784 0.174660  0.000000 0.000000 1 0 1.000000
0  1.979279 -4.784505 39.325901  0.249595 -0.965156 0.078591  0.000000 0.000000 1 0 1.000000
  phy
0  0.003636 -4.151229 36.671505  -0.036093 -0.674808 -0.737110  0.000000 0.000000 1 0 1.000000
0  1.356249 -4.067689 36.923073  0.542501 -0.277081 -0.793044  0.000000 0.000000 1 0 1.000000
0  1.093306 -4.617126 37.504753  0.131130 -0.911499 -0.389838  0.000000 0.000000 1 0 1.000000
  phy
0  1.093306 -4.617126 37.504753  0.131130 -0.911499 -0.389838  0.000000 0.000000 1 0 1.000000
0  0.003656 -4.626491 37.484055  -0.000008 -0.921740 -0.387807  0.000000 0.000000 1 0 1.000000
0  0.003636 -4.151229 36.671505  -0.036093 -0.674808 -0.737110  0.000000 0.000000 1 0 1.000000
  phy
0  1.241849 -4.383492 42.405563  0.139977 -0.918446 0.369951  0.000000 0.000000 1 0 1.000000
0  2.400256 -3.868138 42.580189  0.258801 -0.376366 0.889590  0.000000 0.000000 1 0 1.000000
0  -2.393049 -3.868074 42.580338  -0.154955 -0.323462 0.933467  0.000000 0.000000 1 0 1.000000
  phy
0  -2.393049 -3.868074 42.580338  -0.154955 -0.323462 0.933467  0.000000 0.000000 1 0 1.000000
0  -0.730462 -4.705893 41.233467  -0.058087 -0.947222 0.315272  0.000000 0.000000 1 0 1.000000
0  1.241849 -4.383492 42.405563  0.139977 -0.918446 0.369951  0.000000 0.000000 1 0 1.000000
  phy
0  1.241849 -4.383492 42.405563  0.139977 -0.918446 0.369951  0.000000 0.000000 1 0 1.000000
0  -0.730462 -4.705893 41.233467  -0.058087 -0.947222 0.315272  0.000000 0.000000 1 0 1.000000
0  0.878759 -4.903187 40.210297  0.086931 -0.980784 0.174660  0.000000 0.000000 1 0 1.000000
  phy
0  3.246855 -4.352806 39.602627  0.356723 -0.917048 0.178247  0.000000 0.000000 1 0 1.000000
0  2.400256 -3.868138 42.580189  0.258801 -0.376366 0.889590  0.000000 0.000000 1 0 1.000000
0  1.241849 -4.383492 42.405563  0.139977 -0.918446 0.369951  0.000000 0.000000 1 0 1.000000
  phy
0  -5.124377 -2.619695 40.118149  -0.891554 -0.420042 0.169396  0.000000 0.000000 1 0 1.000000
0  -4.650303 -2.551301 41.297268  -0.749402 -0.344542 0.565409  0.000000 0.000000 1 0 1.000000
0  -5.301486 -1.377587 40.166561  -0.980934 0.175775 -0.082896  0.000000 0.000000 1 0 1.000000
  phy
0  -4.480083 -3.716545 39.367252  -0.763197 -0.202633 -0.613572  0.000000 0.000000 1 0 1.000000
0  -5.124377 -2.619695 40.118149  -0.891554 -0.420042 0.169396  0.000000 0.000000 1 0 1.000000
0  -5.301486 -1.377587 40.166561  -0.980934 0.175775 -0.082896  0.000000 0.000000 1 0 1.000000
  phy
0  -4.650303 -2.551301 41.297268  -0.749402 -0.344542 0.565409  0.000000 0.000000 1 0 1.000000
0  -5.124377 -2.619695 40.118149  -0.891554 -0.420042 0.169396  0.000000 0.000000 1 0 1.000000
0  -4.185199 -3.512360 40.685715  -0.618481 -0.703864 0.349366  0.000000 0.000000 1 0 1.000000
  phy
0  -5.124377 -2.619695 40.118149  -0.891554 -0.420042 0.169396  0.000000 0.000000 1 0 1.000000
0  -4.480083 -3.716545 39.367252  -0.763197 -0.202633 -0.613572  0.000000 0.000000 1 0 1.000000
0  -4.185199 -3.512360 40.685715  -0.618481 -0.703864 0.349366  0.000000 0.000000 1 0 1.000000
  phy
0  5.131703 -2.619754 40.118084  0.892005 -0.419298 0.168868  0.000000 0.000000 1 0 1.000000
0  4.657650 -2.551347 41.297211  0.749594 -0.343714 0.565659  0.000000 0.000000 1 0 1.000000
0  4.192526 -3.512411 40.685650  0.618122 -0.704103 0.349520  0.000000 0.000000 1 0 1.000000
  phy
0  4.192526 -3.512411 40.685650  0.618122 -0.704103 0.349520  0.000000 0.000000 1 0 1.000000
0  4.487390 -3.716597 39.367207  0.739222 -0.138941 -0.658974  0.000000 0.000000 1 0 1.000000
0  5.131703 -2.619754 40.118084  0.892005 -0.419298 0.168868  0.000000 0.000000 1 0 1.000000
  phy
0  4.657650 -2.551347 41.297211  0.749594 -0.343714 0.565659  0.000000 0.000000 1 0 1.000000
0  2.400256 -3.868138 42.580189  0.258801 -0.376366 0.889590  0.000000 0.000000 1 0 1.000000
0  4.192526 -3.512411 40.685650  0.618122 -0.704103 0.349520  0.000000 0.000000 1 0 1.000000
  phy
0  5.131703 -2.619754 40.118084  0.892005 -0.419298 0.168868  0.000000 0.000000 1 0 1.000000
0  5.307666 -1.374881 40.165863  0.974229 0.195451 -0.112595  0.000000 0.000000 1 0 1.000000
0  4.657650 -2.551347 41.297211  0.749594 -0.343714 0.565659  0.000000 0.000000 1 0 1.000000
  phy
0  4.487390 -3.716597 39.367207  0.739222 -0.138941 -0.658974  0.000000 0.000000 1 0 1.000000
0  5.307666 -1.374881 40.165863  0.974229 0.195451 -0.112595  0.000000 0.000000 1 0 1.000000
0  5.131703 -2.619754 40.118084  0.892005 -0.419298 0.168868  0.000000 0.000000 1 0 1.000000
  phy
0  3.692961 -1.729357 42.565395  0.587588 -0.124361 0.799547  0.000000 0.000000 1 0 1.000000
0  4.657650 -2.551347 41.297211  0.749594 -0.343714 0.565659  0.000000 0.000000 1 0 1.000000
0  4.594179 -1.419650 41.382183  0.807219 0.164522 0.566859  0.000000 0.000000 1 0 1.000000
  phy
0  4.594179 -1.419650 41.382183  0.807219 0.164522 0.566859  0.000000 0.000000 1 0 1.000000
0  3.334377 -0.462517 42.577911  0.241498 0.200350 0.949494  0.000000 0.000000 1 0 1.000000
0  3.692961 -1.729357 42.565395  0.587588 -0.124361 0.799547  0.000000 0.000000 1 0 1.000000
  phy
0  3.692961 -1.729357 42.565395  0.587588 -0.124361 0.799547  0.000000 0.000000 1 0 1.000000
0  2.400256 -3.868138 42.580189  0.258801 -0.376366 0.889590  0.000000 0.000000 1 0 1.000000
0  4.657650 -2.551347 41.297211  0.749594 -0.343714 0.565659  0.000000 0.000000 1 0 1.000000
  phy
0  3.334377 -0.462517 42.577911  0.241498 0.200350 0.949494  0.000000 0.000000 1 0 1.000000
0  2.400256 -3.868138 42.580189  0.258801 -0.376366 0.889590  0.000000 0.000000 1 0 1.000000
0  3.692961 -1.729357 42.565395  0.587588 -0.124361 0.799547  0.000000 0.000000 1 0 1.000000
  phy
0  4.657650 -2.551347 41.297211  0.749594 -0.343714 0.565659  0.000000 0.000000 1 0 1.000000
0  5.307666 -1.374881 40.165863  0.974229 0.195451 -0.112595  0.000000 0.000000 1 0 1.000000
0  4.594179 -1.419650 41.382183  0.807219 0.164522 0.566859  0.000000 0.000000 1 0 1.000000
  phy
0  4.594179 -1.419650 41.382183  0.807219 0.164522 0.566859  0.000000 0.000000 1 0 1.000000
0  5.307666 -1.374881 40.165863  0.974229 0.195451 -0.112595  0.000000 0.000000 1 0 1.000000
0  3.334377 -0.462517 42.577911  0.241498 0.200350 0.949494  0.000000 0.000000 1 0 1.000000
  phy
0  4.311655 1.662277 39.016235  0.751025 0.537524 0.383445  0.000000 0.000000 1 0 1.000000
0  2.913786 1.824886 40.147873  0.480509 0.687276 0.544759  0.000000 0.000000 1 0 1.000000
0  3.334377 -0.462517 42.577911  0.241498 0.200350 0.949494  0.000000 0.000000 1 0 1.000000
  phy
0  2.913786 1.824886 40.147873  0.480509 0.687276 0.544759  0.000000 0.000000 1 0 1.000000
0  4.311655 1.662277 39.016235  0.751025 0.537524 0.383445  0.000000 0.000000 1 0 1.000000
0  3.276082 2.521573 38.851448  0.435979 0.801412 0.409464  0.000000 0.000000 1 0 1.000000
  phy
0  2.913786 1.824886 40.147873  0.480509 0.687276 0.544759  0.000000 0.000000 1 0 1.000000
0  1.963742 0.508416 42.533577  0.231025 0.616711 0.752526  0.000000 0.000000 1 0 1.000000
0  3.334377 -0.462517 42.577911  0.241498 0.200350 0.949494  0.000000 0.000000 1 0 1.000000
  phy
0  1.356249 -4.067689 36.923073  0.542501 -0.277081 -0.793044  0.000000 0.000000 1 0 1.000000
0  0.003636 -4.151229 36.671505  -0.036093 -0.674808 -0.737110  0.000000 0.000000 1 0 1.000000
0  0.458991 -3.164337 36.150478  0.193521 -0.230004 -0.953755  0.000000 0.000000 1 0 1.000000
  phy
0  0.003636 -4.151229 36.671505  -0.036093 -0.674808 -0.737110  0.000000 0.000000 1 0 1.000000
0  -0.451717 -3.164328 36.150482  -0.255514 -0.271569 -0.927881  0.000000 0.000000 1 0 1.000000
0  0.458991 -3.164337 36.150478  0.193521 -0.230004 -0.953755  0.000000 0.000000 1 0 1.000000
  phy
0  0.003636 -4.151229 36.671505  -0.036093 -0.674808 -0.737110  0.000000 0.000000 1 0 1.000000
0  -1.962939 -3.945968 37.038677  -0.602678 -0.201666 -0.772082  0.000000 0.000000 1 0 1.000000
0  -0.451717 -3.164328 36.150482  -0.255514 -0.271569 -0.927881  0.000000 0.000000 1 0 1.000000
  phy
0  2.382648 2.905593 37.253971  0.073433 0.924945 -0.372940  0.000000 0.000000 1 0 1.000000
0  -2.375283 2.905621 37.254005  -0.046744 0.976670 -0.209596  0.000000 0.000000 1 0 1.000000
0  -2.349524 2.966123 37.905720  -0.034287 0.997978 0.053519  0.000000 0.000000 1 0 1.000000
  phy
0  2.382648 2.905593 37.253971  0.073433 0.924945 -0.372940  0.000000 0.000000 1 0 1.000000
0  1.514942 2.187181 36.213928  0.514779 0.095641 -0.851971  0.000000 0.000000 1 0 1.000000
0  -2.413239 2.682037 36.596535  -0.116396 0.576510 -0.808757  0.000000 0.000000 1 0 1.000000
  phy
0  -2.375283 2.905621 37.254005  -0.046744 0.976670 -0.209596  0.000000 0.000000 1 0 1.000000
0  2.382648 2.905593 37.253971  0.073433 0.924945 -0.372940  0.000000 0.000000 1 0 1.000000
0  -2.413239 2.682037 36.596535  -0.116396 0.576510 -0.808757  0.000000 0.000000 1 0 1.000000
  phy
0  -1.962939 -3.945968 37.038677  -0.602678 -0.201666 -0.772082  0.000000 0.000000 1 0 1.000000
0  -4.480083 -3.716545 39.367252  -0.763197 -0.202633 -0.613572  0.000000 0.000000 1 0 1.000000
0  -3.501894 2.638320 37.387508  -0.707154 -0.027927 -0.706508  0.000000 0.000000 1 0 1.000000
  phy
0  -4.480083 -3.716545 39.367252  -0.763197 -0.202633 -0.613572  0.000000 0.000000 1 0 1.000000
0  -1.962939 -3.945968 37.038677  -0.602678 -0.201666 -0.772082  0.000000 0.000000 1 0 1.000000
0  -3.449403 -4.256495 38.613667  -0.462793 -0.790696 -0.400779  0.000000 0.000000 1 0 1.000000
  phy
0  -0.712391 0.270203 35.577637  -0.348861 -0.007297 -0.937146  0.000000 0.000000 1 0 1.000000
0  -1.962939 -3.945968 37.038677  -0.602678 -0.201666 -0.772082  0.000000 0.000000 1 0 1.000000
0  -3.501894 2.638320 37.387508  -0.707154 -0.027927 -0.706508  0.000000 0.000000 1 0 1.000000
  phy
0  -0.451717 -3.164328 36.150482  -0.255514 -0.271569 -0.927881  0.000000 0.000000 1 0 1.000000
0  -1.962939 -3.945968 37.038677  -0.602678 -0.201666 -0.772082  0.000000 0.000000 1 0 1.000000
0  -0.712391 0.270203 35.577637  -0.348861 -0.007297 -0.937146  0.000000 0.000000 1 0 1.000000
  phy
0  -4.480083 -3.716545 39.367252  -0.763197 -0.202633 -0.613572  0.000000 0.000000 1 0 1.000000
0  -3.449403 -4.256495 38.613667  -0.462793 -0.790696 -0.400779  0.000000 0.000000 1 0 1.000000
0  -3.239592 -4.352766 39.602699  -0.356313 -0.917335 0.177588  0.000000 0.000000 1 0 1.000000
  phy
0  -1.308689 -4.660189 41.054630  -0.279592 -0.933324 0.225242  0.000000 0.000000 1 0 1.000000
0  -2.393049 -3.868074 42.580338  -0.154955 -0.323462 0.933467  0.000000 0.000000 1 0 1.000000
0  -3.239592 -4.352766 39.602699  -0.356313 -0.917335 0.177588  0.000000 0.000000 1 0 1.000000
  phy
0  -1.308689 -4.660189 41.054630  -0.279592 -0.933324 0.225242  0.000000 0.000000 1 0 1.000000
0  -0.730462 -4.705893 41.233467  -0.058087 -0.947222 0.315272  0.000000 0.000000 1 0 1.000000
0  -2.393049 -3.868074 42.580338  -0.154955 -0.323462 0.933467  0.000000 0.000000 1 0 1.000000
  phy
0  3.246855 -4.352806 39.602627  0.356723 -0.917048 0.178247  0.000000 0.000000 1 0 1.000000
0  3.456705 -4.256532 38.613632  0.629473 -0.228064 -0.742799  0.000000 0.000000 1 0 1.000000
0  4.487390 -3.716597 39.367207  0.739222 -0.138941 -0.658974  0.000000 0.000000 1 0 1.000000
  phy
0  -4.586814 -1.419591 41.382236  -0.807371 0.164062 0.566777  0.000000 0.000000 1 0 1.000000
0  -3.326990 -0.462477 42.577950  -0.334856 0.272561 0.901988  0.000000 0.000000 1 0 1.000000
0  -5.301486 -1.377587 40.166561  -0.980934 0.175775 -0.082896  0.000000 0.000000 1 0 1.000000
  phy
0  -3.326990 -0.462477 42.577950  -0.334856 0.272561 0.901988  0.000000 0.000000 1 0 1.000000
0  -4.302788 1.662812 39.018311  -0.774085 0.529586 0.346888  0.000000 0.000000 1 0 1.000000
0  -5.301486 -1.377587 40.166561  -0.980934 0.175775 -0.082896  0.000000 0.000000 1 0 1.000000
  phy
0  -3.326990 -0.462477 42.577950  -0.334856 0.272561 0.901988  0.000000 0.000000 1 0 1.000000
0  -2.906350 1.824901 40.147915  -0.480275 0.687332 0.544895  0.000000 0.000000 1 0 1.000000
0  -4.302788 1.662812 39.018311  -0.774085 0.529586 0.346888  0.000000 0.000000 1 0 1.000000
  phy
0  -2.906350 1.824901 40.147915  -0.480275 0.687332 0.544895  0.000000 0.000000 1 0 1.000000
0  -3.326990 -0.462477 42.577950  -0.334856 0.272561 0.901988  0.000000 0.000000 1 0 1.000000
0  -1.956347 0.508438 42.533600  -0.154542 0.520095 0.840011  0.000000 0.000000 1 0 1.000000
  phy
0  -2.393049 -3.868074 42.580338  -0.154955 -0.323462 0.933467  0.000000 0.000000 1 0 1.000000
0  3.334377 -0.462517 42.577911  0.241498 0.200350 0.949494  0.000000 0.000000 1 0 1.000000
0  -3.326990 -0.462477 42.577950  -0.334856 0.272561 0.901988  0.000000 0.000000 1 0 1.000000
  phy
0  -3.326990 -0.462477 42.577950  -0.334856 0.272561 0.901988  0.000000 0.000000 1 0 1.000000
0  -3.685590 -1.729310 42.565441  -0.585830 -0.127164 0.800395  0.000000 0.000000 1 0 1.000000
0  -2.393049 -3.868074 42.580338  -0.154955 -0.323462 0.933467  0.000000 0.000000 1 0 1.000000
  phy
0  3.334377 -0.462517 42.577911  0.241498 0.200350 0.949494  0.000000 0.000000 1 0 1.000000
0  -1.956347 0.508438 42.533600  -0.154542 0.520095 0.840011  0.000000 0.000000 1 0 1.000000
0  -3.326990 -0.462477 42.577950  -0.334856 0.272561 0.901988  0.000000 0.000000 1 0 1.000000
  phy
0  -3.326990 -0.462477 42.577950  -0.334856 0.272561 0.901988  0.000000 0.000000 1 0 1.000000
0  -4.586814 -1.419591 41.382236  -0.807371 0.164062 0.566777  0.000000 0.000000 1 0 1.000000
0  -3.685590 -1.729310 42.565441  -0.585830 -0.127164 0.800395  0.000000 0.000000 1 0 1.000000
  phy
0  -4.650303 -2.551301 41.297268  -0.749402 -0.344542 0.565409  0.000000 0.000000 1 0 1.000000
0  -4.586814 -1.419591 41.382236  -0.807371 0.164062 0.566777  0.000000 0.000000 1 0 1.000000
0  -5.301486 -1.377587 40.166561  -0.980934 0.175775 -0.082896  0.000000 0.000000 1 0 1.000000
  phy
0  -2.393049 -3.868074 42.580338  -0.154955 -0.323462 0.933467  0.000000 0.000000 1 0 1.000000
0  -4.650303 -2.551301 41.297268  -0.749402 -0.344542 0.565409  0.000000 0.000000 1 0 1.000000
0  -4.185199 -3.512360 40.685715  -0.618481 -0.703864 0.349366  0.000000 0.000000 1 0 1.000000
  phy
0  -2.393049 -3.868074 42.580338  -0.154955 -0.323462 0.933467  0.000000 0.000000 1 0 1.000000
0  -3.685590 -1.729310 42.565441  -0.585830 -0.127164 0.800395  0.000000 0.000000 1 0 1.000000
0  -4.650303 -2.551301 41.297268  -0.749402 -0.344542 0.565409  0.000000 0.000000 1 0 1.000000
  phy
0  -4.586814 -1.419591 41.382236  -0.807371 0.164062 0.566777  0.000000 0.000000 1 0 1.000000
0  -4.650303 -2.551301 41.297268  -0.749402 -0.344542 0.565409  0.000000 0.000000 1 0 1.000000
0  -3.685590 -1.729310 42.565441  -0.585830 -0.127164 0.800395  0.000000 0.000000 1 0 1.000000
  phy
0  1.963742 0.508416 42.533577  0.231025 0.616711 0.752526  0.000000 0.000000 1 0 1.000000
0  -1.956347 0.508438 42.533600  -0.154542 0.520095 0.840011  0.000000 0.000000 1 0 1.000000
0  3.334377 -0.462517 42.577911  0.241498 0.200350 0.949494  0.000000 0.000000 1 0 1.000000
  phy
0  3.334377 -0.462517 42.577911  0.241498 0.200350 0.949494  0.000000 0.000000 1 0 1.000000
0  5.307666 -1.374881 40.165863  0.974229 0.195451 -0.112595  0.000000 0.000000 1 0 1.000000
0  4.311655 1.662277 39.016235  0.751025 0.537524 0.383445  0.000000 0.000000 1 0 1.000000
  phy
0  -3.501894 2.638320 37.387508  -0.707154 -0.027927 -0.706508  0.000000 0.000000 1 0 1.000000
0  -3.421243 2.672187 38.048500  -0.453484 0.878176 0.152184  0.000000 0.000000 1 0 1.000000
0  -2.349524 2.966123 37.905720  -0.034287 0.997978 0.053519  0.000000 0.000000 1 0 1.000000
  phy
0  -3.268705 2.521610 38.851482  -0.434336 0.801992 0.410075  0.000000 0.000000 1 0 1.000000
0  -3.421243 2.672187 38.048500  -0.453484 0.878176 0.152184  0.000000 0.000000 1 0 1.000000
0  -4.302788 1.662812 39.018311  -0.774085 0.529586 0.346888  0.000000 0.000000 1 0 1.000000
  phy
0  -3.421243 2.672187 38.048500  -0.453484 0.878176 0.152184  0.000000 0.000000 1 0 1.000000
0  -3.501894 2.638320 37.387508  -0.707154 -0.027927 -0.706508  0.000000 0.000000 1 0 1.000000
0  -4.302788 1.662812 39.018311  -0.774085 0.529586 0.346888  0.000000 0.000000 1 0 1.000000
  phy
0  -2.906350 1.824901 40.147915  -0.480275 0.687332 0.544895  0.000000 0.000000 1 0 1.000000
0  -3.268705 2.521610 38.851482  -0.434336 0.801992 0.410075  0.000000 0.000000 1 0 1.000000
0  -4.302788 1.662812 39.018311  -0.774085 0.529586 0.346888  0.000000 0.000000 1 0 1.000000
  phy
0  1.356249 -4.067689 36.923073  0.542501 -0.277081 -0.793044  0.000000 0.000000 1 0 1.000000
0  0.487642 -0.297317 35.731083  0.530964 -0.085708 -0.843049  0.000000 0.000000 1 0 1.000000
0  3.456705 -4.256532 38.613632  0.629473 -0.228064 -0.742799  0.000000 0.000000 1 0 1.000000
  phy
0  0.487642 -0.297317 35.731083  0.530964 -0.085708 -0.843049  0.000000 0.000000 1 0 1.000000
0  1.356249 -4.067689 36.923073  0.542501 -0.277081 -0.793044  0.000000 0.000000 1 0 1.000000
0  0.458991 -3.164337 36.150478  0.193521 -0.230004 -0.953755  0.000000 0.000000 1 0 1.000000
  phy
0  0.487642 -0.297317 35.731083  0.530964 -0.085708 -0.843049  0.000000 0.000000 1 0 1.000000
0  1.514942 2.187181 36.213928  0.514779 0.095641 -0.851971  0.000000 0.000000 1 0 1.000000
0  3.456705 -4.256532 38.613632  0.629473 -0.228064 -0.742799  0.000000 0.000000 1 0 1.000000
  phy
0  1.514942 2.187181 36.213928  0.514779 0.095641 -0.851971  0.000000 0.000000 1 0 1.000000
0  4.487390 -3.716597 39.367207  0.739222 -0.138941 -0.658974  0.000000 0.000000 1 0 1.000000
0  3.456705 -4.256532 38.613632  0.629473 -0.228064 -0.742799  0.000000 0.000000 1 0 1.000000
  phy
0  1.514942 2.187181 36.213928  0.514779 0.095641 -0.851971  0.000000 0.000000 1 0 1.000000
0  0.487642 -0.297317 35.731083  0.530964 -0.085708 -0.843049  0.000000 0.000000 1 0 1.000000
0  -0.712391 0.270203 35.577637  -0.348861 -0.007297 -0.937146  0.000000 0.000000 1 0 1.000000
  phy
0  1.514942 2.187181 36.213928  0.514779 0.095641 -0.851971  0.000000 0.000000 1 0 1.000000
0  -0.712391 0.270203 35.577637  -0.348861 -0.007297 -0.937146  0.000000 0.000000 1 0 1.000000
0  -2.413239 2.682037 36.596535  -0.116396 0.576510 -0.808757  0.000000 0.000000 1 0 1.000000
  phy
0  -0.712391 0.270203 35.577637  -0.348861 -0.007297 -0.937146  0.000000 0.000000 1 0 1.000000
0  0.487642 -0.297317 35.731083  0.530964 -0.085708 -0.843049  0.000000 0.000000 1 0 1.000000
0  0.458991 -3.164337 36.150478  0.193521 -0.230004 -0.953755  0.000000 0.000000 1 0 1.000000
  phy
0  -0.451717 -3.164328 36.150482  -0.255514 -0.271569 -0.927881  0.000000 0.000000 1 0 1.000000
0  -0.712391 0.270203 35.577637  -0.348861 -0.007297 -0.937146  0.000000 0.000000 1 0 1.000000
0  0.458991 -3.164337 36.150478  0.193521 -0.230004 -0.953755  0.000000 0.000000 1 0 1.000000
  phy
0  -3.501894 2.638320 37.387508  -0.707154 -0.027927 -0.706508  0.000000 0.000000 1 0 1.000000
0  -2.375283 2.905621 37.254005  -0.046744 0.976670 -0.209596  0.000000 0.000000 1 0 1.000000
0  -2.413239 2.682037 36.596535  -0.116396 0.576510 -0.808757  0.000000 0.000000 1 0 1.000000
  phy
0  -2.375283 2.905621 37.254005  -0.046744 0.976670 -0.209596  0.000000 0.000000 1 0 1.000000
0  -3.501894 2.638320 37.387508  -0.707154 -0.027927 -0.706508  0.000000 0.000000 1 0 1.000000
0  -2.349524 2.966123 37.905720  -0.034287 0.997978 0.053519  0.000000 0.000000 1 0 1.000000
  phy
0  -3.501894 2.638320 37.387508  -0.707154 -0.027927 -0.706508  0.000000 0.000000 1 0 1.000000
0  -4.480083 -3.716545 39.367252  -0.763197 -0.202633 -0.613572  0.000000 0.000000 1 0 1.000000
0  -5.301486 -1.377587 40.166561  -0.980934 0.175775 -0.082896  0.000000 0.000000 1 0 1.000000
  phy
0  -2.393049 -3.868074 42.580338  -0.154955 -0.323462 0.933467  0.000000 0.000000 1 0 1.000000
0  2.400256 -3.868138 42.580189  0.258801 -0.376366 0.889590  0.000000 0.000000 1 0 1.000000
0  3.334377 -0.462517 42.577911  0.241498 0.200350 0.949494  0.000000 0.000000 1 0 1.000000
  phy
0  -0.712391 0.270203 35.577637  -0.348861 -0.007297 -0.937146  0.000000 0.000000 1 0 1.000000
0  -3.501894 2.638320 37.387508  -0.707154 -0.027927 -0.706508  0.000000 0.000000 1 0 1.000000
0  -2.413239 2.682037 36.596535  -0.116396 0.576510 -0.808757  0.000000 0.000000 1 0 1.000000
  phy
0  -4.302788 1.662812 39.018311  -0.774085 0.529586 0.346888  0.000000 0.000000 1 0 1.000000
0  -3.501894 2.638320 37.387508  -0.707154 -0.027927 -0.706508  0.000000 0.000000 1 0 1.000000
0  -5.301486 -1.377587 40.166561  -0.980934 0.175775 -0.082896  0.000000 0.000000 1 0 1.000000
  phy
0  -5.123316 -3.543947 34.048592  -0.024645 0.441833 -0.896759  0.000000 0.000000 1 104 1.000000
0  -5.818442 -2.553674 36.175175  -0.097885 0.820181 -0.563667  0.000000 0.000000 1 104 1.000000
0  -6.255069 -1.983103 34.140945  0.048137 0.997740 -0.046874  0.000000 0.000000 1 104 1.000000
  phy
0  -5.123316 -3.543947 34.048592  -0.024645 0.441833 -0.896759  0.000000 0.000000 1 104 1.000000
0  -6.255069 -1.983103 34.140945  0.048137 0.997740 -0.046874  0.000000 0.000000 1 104 1.000000
0  -5.138905 -3.372373 30.811390  0.064767 0.587699 -0.806483  0.000000 0.000000 1 104 1.000000
  phy
0  -5.818442 -2.553674 36.175175  -0.097885 0.820181 -0.563667  0.000000 0.000000 1 104 1.000000
0  -5.123316 -3.543947 34.048592  -0.024645 0.441833 -0.896759  0.000000 0.000000 1 104 1.000000
0  -4.960312 -3.609448 35.919472  -0.110878 0.522722 -0.845262  0.000000 0.000000 1 104 1.000000
  phy
0  -3.210173 -3.799816 30.830967  -0.021634 -0.041481 -0.998905  0.000000 0.000000 1 104 1.000000
0  -5.123316 -3.543947 34.048592  -0.024645 0.441833 -0.896759  0.000000 0.000000 1 104 1.000000
0  -5.138905 -3.372373 30.811390  0.064767 0.587699 -0.806483  0.000000 0.000000 1 104 1.000000
  phy
0  -5.123316 -3.543947 34.048592  -0.024645 0.441833 -0.896759  0.000000 0.000000 1 104 1.000000
0  -3.210173 -3.799816 30.830967  -0.021634 -0.041481 -0.998905  0.000000 0.000000 1 104 1.000000
0  -3.206911 -4.022982 36.846306  -0.042944 -0.046350 -0.998002  0.000000 0.000000 1 104 1.000000
  phy
0  -5.123316 -3.543947 34.048592  -0.024645 0.441833 -0.896759  0.000000 0.000000 1 104 1.000000
0  -3.206911 -4.022982 36.846306  -0.042944 -0.046350 -0.998002  0.000000 0.000000 1 104 1.000000
0  -4.960312 -3.609448 35.919472  -0.110878 0.522722 -0.845262  0.000000 0.000000 1 104 1.000000
  phy
0  -4.492904 0.847345 36.009888  0.064159 0.524799 0.848805  0.000000 0.000000 1 104 1.000000
0  -3.362033 1.293834 37.404121  0.062572 0.179799 0.981711  0.000000 0.000000 1 104 1.000000
0  -4.387106 0.641955 30.652443  0.122912 0.435301 0.891855  0.000000 0.000000 1 104 1.000000
  phy
0  -3.362033 1.293834 37.404121  0.062572 0.179799 0.981711  0.000000 0.000000 1 104 1.000000
0  -3.008644 0.735789 22.516216  0.245555 0.006252 0.969363  0.000000 0.000000 1 104 1.000000
0  -4.387106 0.641955 30.652443  0.122912 0.435301 0.891855  0.000000 0.000000 1 104 1.000000
  phy
0  -4.387106 0.641955 30.652443  0.122912 0.435301 0.891855  0.000000 0.000000 1 104 1.000000
0  -3.008644 0.735789 22.516216  0.245555 0.006252 0.969363  0.000000 0.000000 1 104 1.000000
0  -3.846367 0.353291 22.618496  0.467413 0.619778 0.630397  0.000000 0.000000 1 104 1.000000
  phy
0  -4.387106 0.641955 30.652443  0.122912 0.435301 0.891855  0.000000 0.000000 1 104 1.000000
0  -5.398960 -0.057457 30.769573  0.125424 0.818310 0.560926  0.000000 0.000000 1 104 1.000000
0  -4.492904 0.847345 36.009888  0.064159 0.524799 0.848805  0.000000 0.000000 1 104 1.000000
  phy
0  -4.387106 0.641955 30.652443  0.122912 0.435301 0.891855  0.000000 0.000000 1 104 1.000000
0  -3.846367 0.353291 22.618496  0.467413 0.619778 0.630397  0.000000 0.000000 1 104 1.000000
0  -5.398960 -0.057457 30.769573  0.125424 0.818310 0.560926  0.000000 0.000000 1 104 1.000000
  phy
0  -5.576787 -1.722344 39.605019  -0.155343 0.985480 0.068546  0.000000 0.000000 1 104 1.000000
0  -5.253524 -2.638801 39.488895  -0.153709 0.819232 -0.552478  0.000000 0.000000 1 104 1.000000
0  -5.016782 -2.633756 40.861599  -0.792517 -0.580069 -0.188245  0.000000 0.000000 1 104 1.000000
  phy
0  -5.253524 -2.638801 39.488895  -0.153709 0.819232 -0.552478  0.000000 0.000000 1 104 1.000000
0  -5.576787 -1.722344 39.605019  -0.155343 0.985480 0.068546  0.000000 0.000000 1 104 1.000000
0  -6.133217 -1.758353 36.326523  -0.093467 0.987237 0.128945  0.000000 0.000000 1 104 1.000000
  phy
0  -5.818442 -2.553674 36.175175  -0.097885 0.820181 -0.563667  0.000000 0.000000 1 104 1.000000
0  -5.253524 -2.638801 39.488895  -0.153709 0.819232 -0.552478  0.000000 0.000000 1 104 1.000000
0  -6.133217 -1.758353 36.326523  -0.093467 0.987237 0.128945  0.000000 0.000000 1 104 1.000000
  phy
0  -4.384389 -3.631792 39.139820  -0.213757 0.458659 -0.862520  0.000000 0.000000 1 104 1.000000
0  -5.253524 -2.638801 39.488895  -0.153709 0.819232 -0.552478  0.000000 0.000000 1 104 1.000000
0  -4.960312 -3.609448 35.919472  -0.110878 0.522722 -0.845262  0.000000 0.000000 1 104 1.000000
  phy
0  -5.253524 -2.638801 39.488895  -0.153709 0.819232 -0.552478  0.000000 0.000000 1 104 1.000000
0  -4.384389 -3.631792 39.139820  -0.213757 0.458659 -0.862520  0.000000 0.000000 1 104 1.000000
0  -5.016782 -2.633756 40.861599  -0.792517 -0.580069 -0.188245  0.000000 0.000000 1 104 1.000000
  phy
0  -5.253524 -2.638801 39.488895  -0.153709 0.819232 -0.552478  0.000000 0.000000 1 104 1.000000
0  -5.818442 -2.553674 36.175175  -0.097885 0.820181 -0.563667  0.000000 0.000000 1 104 1.000000
0  -4.960312 -3.609448 35.919472  -0.110878 0.522722 -0.845262  0.000000 0.000000 1 104 1.000000
  phy
0  -3.019498 -3.583168 27.696136  0.021171 -0.151233 -0.988271  0.000000 0.000000 1 104 1.000000
0  -3.210173 -3.799816 30.830967  -0.021634 -0.041481 -0.998905  0.000000 0.000000 1 104 1.000000
0  -5.138905 -3.372373 30.811390  0.064767 0.587699 -0.806483  0.000000 0.000000 1 104 1.000000
  phy
0  -3.206911 -4.022982 36.846306  -0.042944 -0.046350 -0.998002  0.000000 0.000000 1 104 1.000000
0  -3.210173 -3.799816 30.830967  -0.021634 -0.041481 -0.998905  0.000000 0.000000 1 104 1.000000
0  -1.844769 -3.414801 36.273945  -0.052764 -0.533707 -0.844022  0.000000 0.000000 1 104 1.000000
  phy
0  -3.210173 -3.799816 30.830967  -0.021634 -0.041481 -0.998905  0.000000 0.000000 1 104 1.000000
0  -3.019498 -3.583168 27.696136  0.021171 -0.151233 -0.988271  0.000000 0.000000 1 104 1.000000
0  -1.844769 -3.414801 36.273945  -0.052764 -0.533707 -0.844022  0.000000 0.000000 1 104 1.000000
  phy
0  -4.492904 0.847345 36.009888  0.064159 0.524799 0.848805  0.000000 0.000000 1 104 1.000000
0  -5.398960 -0.057457 30.769573  0.125424 0.818310 0.560926  0.000000 0.000000 1 104 1.000000
0  -5.375351 0.177750 36.377316  0.025547 0.863742 0.503285  0.000000 0.000000 1 104 1.000000
  phy
0  -5.375351 0.177750 36.377316  0.025547 0.863742 0.503285  0.000000 0.000000 1 104 1.000000
0  -4.890109 0.154610 39.827904  -0.320025 0.622108 0.714539  0.000000 0.000000 1 104 1.000000
0  -4.492904 0.847345 36.009888  0.064159 0.524799 0.848805  0.000000 0.000000 1 104 1.000000
  phy
0  -4.890109 0.154610 39.827904  -0.320025 0.622108 0.714539  0.000000 0.000000 1 104 1.000000
0  -5.375351 0.177750 36.377316  0.025547 0.863742 0.503285  0.000000 0.000000 1 104 1.000000
0  -6.133217 -1.758353 36.326523  -0.093467 0.987237 0.128945  0.000000 0.000000 1 104 1.000000
  phy
0  -5.375351 0.177750 36.377316  0.025547 0.863742 0.503285  0.000000 0.000000 1 104 1.000000
0  -5.398960 -0.057457 30.769573  0.125424 0.818310 0.560926  0.000000 0.000000 1 104 1.000000
0  -6.255069 -1.983103 34.140945  0.048137 0.997740 -0.046874  0.000000 0.000000 1 104 1.000000
  phy
0  -5.375351 0.177750 36.377316  0.025547 0.863742 0.503285  0.000000 0.000000 1 104 1.000000
0  -6.255069 -1.983103 34.140945  0.048137 0.997740 -0.046874  0.000000 0.000000 1 104 1.000000
0  -6.133217 -1.758353 36.326523  -0.093467 0.987237 0.128945  0.000000 0.000000 1 104 1.000000
  phy
0  -4.890109 0.154610 39.827904  -0.320025 0.622108 0.714539  0.000000 0.000000 1 104 1.000000
0  -3.362033 1.293834 37.404121  0.062572 0.179799 0.981711  0.000000 0.000000 1 104 1.000000
0  -4.492904 0.847345 36.009888  0.064159 0.524799 0.848805  0.000000 0.000000 1 104 1.000000
  phy
0  -0.864293 -1.070816 35.547798  -0.285250 -0.931340 0.226358  0.000000 0.000000 1 104 1.000000
0  -1.122442 -0.219538 35.491364  0.017830 -0.855089 0.518175  0.000000 0.000000 1 104 1.000000
0  -2.419523 1.122163 36.569061  -0.202908 -0.605793 0.769314  0.000000 0.000000 1 104 1.000000
  phy
0  -2.419523 1.122163 36.569061  -0.202908 -0.605793 0.769314  0.000000 0.000000 1 104 1.000000
0  -5.230194 -1.690214 41.051311  -0.695392 -0.661090 0.281762  0.000000 0.000000 1 104 1.000000
0  -0.864293 -1.070816 35.547798  -0.285250 -0.931340 0.226358  0.000000 0.000000 1 104 1.000000
  phy
0  -0.864293 -1.070816 35.547798  -0.285250 -0.931340 0.226358  0.000000 0.000000 1 104 1.000000
0  -5.230194 -1.690214 41.051311  -0.695392 -0.661090 0.281762  0.000000 0.000000 1 104 1.000000
0  -0.868469 -1.914672 35.703827  -0.454708 -0.890578 -0.010524  0.000000 0.000000 1 104 1.000000
  phy
0  -0.864293 -1.070816 35.547798  -0.285250 -0.931340 0.226358  0.000000 0.000000 1 104 1.000000
0  -0.868469 -1.914672 35.703827  -0.454708 -0.890578 -0.010524  0.000000 0.000000 1 104 1.000000
0  -1.213219 -1.518444 27.691534  0.035139 -0.986462 -0.160178  0.000000 0.000000 1 104 1.000000
  phy
0  -1.213219 -1.518444 27.691534  0.035139 -0.986462 -0.160178  0.000000 0.000000 1 104 1.000000
0  -1.587573 -0.407778 22.839617  0.126614 -0.982007 0.140114  0.000000 0.000000 1 104 1.000000
0  -0.864293 -1.070816 35.547798  -0.285250 -0.931340 0.226358  0.000000 0.000000 1 104 1.000000
  phy
0  -0.864293 -1.070816 35.547798  -0.285250 -0.931340 0.226358  0.000000 0.000000 1 104 1.000000
0  -1.587573 -0.407778 22.839617  0.126614 -0.982007 0.140114  0.000000 0.000000 1 104 1.000000
0  -1.122442 -0.219538 35.491364  0.017830 -0.855089 0.518175  0.000000 0.000000 1 104 1.000000
  phy
0  -6.255069 -1.983103 34.140945  0.048137 0.997740 -0.046874  0.000000 0.000000 1 104 1.000000
0  -5.818442 -2.553674 36.175175  -0.097885 0.820181 -0.563667  0.000000 0.000000 1 104 1.000000
0  -6.133217 -1.758353 36.326523  -0.093467 0.987237 0.128945  0.000000 0.000000 1 104 1.000000
  phy
0  -4.384389 -3.631792 39.139820  -0.213757 0.458659 -0.862520  0.000000 0.000000 1 104 1.000000
0  -4.960312 -3.609448 35.919472  -0.110878 0.522722 -0.845262  0.000000 0.000000 1 104 1.000000
0  -3.136637 -4.001162 38.332264  -0.565762 -0.559313 -0.605873  0.000000 0.000000 1 104 1.000000
  phy
0  -5.016782 -2.633756 40.861599  -0.792517 -0.580069 -0.188245  0.000000 0.000000 1 104 1.000000
0  -4.384389 -3.631792 39.139820  -0.213757 0.458659 -0.862520  0.000000 0.000000 1 104 1.000000
0  -3.136637 -4.001162 38.332264  -0.565762 -0.559313 -0.605873  0.000000 0.000000 1 104 1.000000
  phy
0  -1.809459 -3.047907 30.745045  -0.014614 -0.641141 -0.767284  0.000000 0.000000 1 104 1.000000
0  -1.757670 -2.660984 26.416138  0.065580 -0.829036 -0.555336  0.000000 0.000000 1 104 1.000000
0  -1.089228 -2.587100 35.864967  -0.058582 -0.884647 -0.462566  0.000000 0.000000 1 104 1.000000
  phy
0  -1.089228 -2.587100 35.864967  -0.058582 -0.884647 -0.462566  0.000000 0.000000 1 104 1.000000
0  -1.844769 -3.414801 36.273945  -0.052764 -0.533707 -0.844022  0.000000 0.000000 1 104 1.000000
0  -1.809459 -3.047907 30.745045  -0.014614 -0.641141 -0.767284  0.000000 0.000000 1 104 1.000000
  phy
0  -1.809459 -3.047907 30.745045  -0.014614 -0.641141 -0.767284  0.000000 0.000000 1 104 1.000000
0  -3.019498 -3.583168 27.696136  0.021171 -0.151233 -0.988271  0.000000 0.000000 1 104 1.000000
0  -1.757670 -2.660984 26.416138  0.065580 -0.829036 -0.555336  0.000000 0.000000 1 104 1.000000
  phy
0  -3.019498 -3.583168 27.696136  0.021171 -0.151233 -0.988271  0.000000 0.000000 1 104 1.000000
0  -1.809459 -3.047907 30.745045  -0.014614 -0.641141 -0.767284  0.000000 0.000000 1 104 1.000000
0  -1.844769 -3.414801 36.273945  -0.052764 -0.533707 -0.844022  0.000000 0.000000 1 104 1.000000
  phy
0  -4.960312 -3.609448 35.919472  -0.110878 0.522722 -0.845262  0.000000 0.000000 1 104 1.000000
0  -3.206911 -4.022982 36.846306  -0.042944 -0.046350 -0.998002  0.000000 0.000000 1 104 1.000000
0  -3.136637 -4.001162 38.332264  -0.565762 -0.559313 -0.605873  0.000000 0.000000 1 104 1.000000
  phy
0  -3.206911 -4.022982 36.846306  -0.042944 -0.046350 -0.998002  0.000000 0.000000 1 104 1.000000
0  -1.844769 -3.414801 36.273945  -0.052764 -0.533707 -0.844022  0.000000 0.000000 1 104 1.000000
0  -3.136637 -4.001162 38.332264  -0.565762 -0.559313 -0.605873  0.000000 0.000000 1 104 1.000000
  phy
0  -6.255069 -1.983103 34.140945  0.048137 0.997740 -0.046874  0.000000 0.000000 1 104 1.000000
0  -5.398960 -0.057457 30.769573  0.125424 0.818310 0.560926  0.000000 0.000000 1 104 1.000000
0  -6.005764 -1.707659 30.918411  0.135855 0.974716 -0.177405  0.000000 0.000000 1 104 1.000000
  phy
0  -5.398960 -0.057457 30.769573  0.125424 0.818310 0.560926  0.000000 0.000000 1 104 1.000000
0  -3.846367 0.353291 22.618496  0.467413 0.619778 0.630397  0.000000 0.000000 1 104 1.000000
0  -4.966817 -0.976682 22.918892  0.236263 0.956866 0.169076  0.000000 0.000000 1 104 1.000000
  phy
0  -5.398960 -0.057457 30.769573  0.125424 0.818310 0.560926  0.000000 0.000000 1 104 1.000000
0  -4.966817 -0.976682 22.918892  0.236263 0.956866 0.169076  0.000000 0.000000 1 104 1.000000
0  -6.005764 -1.707659 30.918411  0.135855 0.974716 -0.177405  0.000000 0.000000 1 104 1.000000
  phy
0  -4.890109 0.154610 39.827904  -0.320025 0.622108 0.714539  0.000000 0.000000 1 104 1.000000
0  -2.419523 1.122163 36.569061  -0.202908 -0.605793 0.769314  0.000000 0.000000 1 104 1.000000
0  -3.362033 1.293834 37.404121  0.062572 0.179799 0.981711  0.000000 0.000000 1 104 1.000000
  phy
0  -4.890109 0.154610 39.827904  -0.320025 0.622108 0.714539  0.000000 0.000000 1 104 1.000000
0  -5.230194 -1.690214 41.051311  -0.695392 -0.661090 0.281762  0.000000 0.000000 1 104 1.000000
0  -2.419523 1.122163 36.569061  -0.202908 -0.605793 0.769314  0.000000 0.000000 1 104 1.000000
  phy
0  -4.890109 0.154610 39.827904  -0.320025 0.622108 0.714539  0.000000 0.000000 1 104 1.000000
0  -5.576787 -1.722344 39.605019  -0.155343 0.985480 0.068546  0.000000 0.000000 1 104 1.000000
0  -5.230194 -1.690214 41.051311  -0.695392 -0.661090 0.281762  0.000000 0.000000 1 104 1.000000
  phy
0  -5.576787 -1.722344 39.605019  -0.155343 0.985480 0.068546  0.000000 0.000000 1 104 1.000000
0  -4.890109 0.154610 39.827904  -0.320025 0.622108 0.714539  0.000000 0.000000 1 104 1.000000
0  -6.133217 -1.758353 36.326523  -0.093467 0.987237 0.128945  0.000000 0.000000 1 104 1.000000
  phy
0  -2.419523 1.122163 36.569061  -0.202908 -0.605793 0.769314  0.000000 0.000000 1 104 1.000000
0  -1.122442 -0.219538 35.491364  0.017830 -0.855089 0.518175  0.000000 0.000000 1 104 1.000000
0  -1.789445 0.470252 30.607237  0.059032 -0.727100 0.683989  0.000000 0.000000 1 104 1.000000
  phy
0  -1.789445 0.470252 30.607237  0.059032 -0.727100 0.683989  0.000000 0.000000 1 104 1.000000
0  -2.075133 0.239383 22.671993  0.280610 -0.566704 0.774664  0.000000 0.000000 1 104 1.000000
0  -2.419523 1.122163 36.569061  -0.202908 -0.605793 0.769314  0.000000 0.000000 1 104 1.000000
  phy
0  -1.122442 -0.219538 35.491364  0.017830 -0.855089 0.518175  0.000000 0.000000 1 104 1.000000
0  -1.587573 -0.407778 22.839617  0.126614 -0.982007 0.140114  0.000000 0.000000 1 104 1.000000
0  -1.789445 0.470252 30.607237  0.059032 -0.727100 0.683989  0.000000 0.000000 1 104 1.000000
  phy
0  -1.789445 0.470252 30.607237  0.059032 -0.727100 0.683989  0.000000 0.000000 1 104 1.000000
0  -1.587573 -0.407778 22.839617  0.126614 -0.982007 0.140114  0.000000 0.000000 1 104 1.000000
0  -2.075133 0.239383 22.671993  0.280610 -0.566704 0.774664  0.000000 0.000000 1 104 1.000000
  phy
0  -2.075133 0.239383 22.671993  0.280610 -0.566704 0.774664  0.000000 0.000000 1 104 1.000000
0  -3.008644 0.735789 22.516216  0.245555 0.006252 0.969363  0.000000 0.000000 1 104 1.000000
0  -2.419523 1.122163 36.569061  -0.202908 -0.605793 0.769314  0.000000 0.000000 1 104 1.000000
  phy
0  -2.419523 1.122163 36.569061  -0.202908 -0.605793 0.769314  0.000000 0.000000 1 104 1.000000
0  -3.008644 0.735789 22.516216  0.245555 0.006252 0.969363  0.000000 0.000000 1 104 1.000000
0  -3.362033 1.293834 37.404121  0.062572 0.179799 0.981711  0.000000 0.000000 1 104 1.000000
  phy
0  -1.089228 -2.587100 35.864967  -0.058582 -0.884647 -0.462566  0.000000 0.000000 1 104 1.000000
0  -1.757670 -2.660984 26.416138  0.065580 -0.829036 -0.555336  0.000000 0.000000 1 104 1.000000
0  -1.213219 -1.518444 27.691534  0.035139 -0.986462 -0.160178  0.000000 0.000000 1 104 1.000000
  phy
0  -1.213219 -1.518444 27.691534  0.035139 -0.986462 -0.160178  0.000000 0.000000 1 104 1.000000
0  -0.868469 -1.914672 35.703827  -0.454708 -0.890578 -0.010524  0.000000 0.000000 1 104 1.000000
0  -1.089228 -2.587100 35.864967  -0.058582 -0.884647 -0.462566  0.000000 0.000000 1 104 1.000000
  phy
0  -1.089228 -2.587100 35.864967  -0.058582 -0.884647 -0.462566  0.000000 0.000000 1 104 1.000000
0  -3.136637 -4.001162 38.332264  -0.565762 -0.559313 -0.605873  0.000000 0.000000 1 104 1.000000
0  -1.844769 -3.414801 36.273945  -0.052764 -0.533707 -0.844022  0.000000 0.000000 1 104 1.000000
  phy
0  -1.089228 -2.587100 35.864967  -0.058582 -0.884647 -0.462566  0.000000 0.000000 1 104 1.000000
0  -0.868469 -1.914672 35.703827  -0.454708 -0.890578 -0.010524  0.000000 0.000000 1 104 1.000000
0  -3.136637 -4.001162 38.332264  -0.565762 -0.559313 -0.605873  0.000000 0.000000 1 104 1.000000
  phy
0  -1.757670 -2.660984 26.416138  0.065580 -0.829036 -0.555336  0.000000 0.000000 1 104 1.000000
0  -1.587573 -0.407778 22.839617  0.126614 -0.982007 0.140114  0.000000 0.000000 1 104 1.000000
0  -1.213219 -1.518444 27.691534  0.035139 -0.986462 -0.160178  0.000000 0.000000 1 104 1.000000
  phy
0  -5.138905 -3.372373 30.811390  0.064767 0.587699 -0.806483  0.000000 0.000000 1 104 1.000000
0  -6.255069 -1.983103 34.140945  0.048137 0.997740 -0.046874  0.000000 0.000000 1 104 1.000000
0  -6.005764 -1.707659 30.918411  0.135855 0.974716 -0.177405  0.000000 0.000000 1 104 1.000000
  phy
0  -4.361482 -2.682079 23.177967  0.253899 0.648380 -0.717731  0.000000 0.000000 1 104 1.000000
0  -3.019498 -3.583168 27.696136  0.021171 -0.151233 -0.988271  0.000000 0.000000 1 104 1.000000
0  -5.138905 -3.372373 30.811390  0.064767 0.587699 -0.806483  0.000000 0.000000 1 104 1.000000
  phy
0  -3.019498 -3.583168 27.696136  0.021171 -0.151233 -0.988271  0.000000 0.000000 1 104 1.000000
0  -4.361482 -2.682079 23.177967  0.253899 0.648380 -0.717731  0.000000 0.000000 1 104 1.000000
0  -2.943778 -3.047573 23.180290  0.562868 -0.406997 -0.719398  0.000000 0.000000 1 104 1.000000
  phy
0  -4.361482 -2.682079 23.177967  0.253899 0.648380 -0.717731  0.000000 0.000000 1 104 1.000000
0  -4.966817 -0.976682 22.918892  0.236263 0.956866 0.169076  0.000000 0.000000 1 104 1.000000
0  -3.846367 0.353291 22.618496  0.467413 0.619778 0.630397  0.000000 0.000000 1 104 1.000000
  phy
0  -3.846367 0.353291 22.618496  0.467413 0.619778 0.630397  0.000000 0.000000 1 104 1.000000
0  -2.943778 -3.047573 23.180290  0.562868 -0.406997 -0.719398  0.000000 0.000000 1 104 1.000000
0  -4.361482 -2.682079 23.177967  0.253899 0.648380 -0.717731  0.000000 0.000000 1 104 1.000000
  phy
0  -4.361482 -2.682079 23.177967  0.253899 0.648380 -0.717731  0.000000 0.000000 1 104 1.000000
0  -5.138905 -3.372373 30.811390  0.064767 0.587699 -0.806483  0.000000 0.000000 1 104 1.000000
0  -6.005764 -1.707659 30.918411  0.135855 0.974716 -0.177405  0.000000 0.000000 1 104 1.000000
  phy
0  -4.966817 -0.976682 22.918892  0.236263 0.956866 0.169076  0.000000 0.000000 1 104 1.000000
0  -4.361482 -2.682079 23.177967  0.253899 0.648380 -0.717731  0.000000 0.000000 1 104 1.000000
0  -6.005764 -1.707659 30.918411  0.135855 0.974716 -0.177405  0.000000 0.000000 1 104 1.000000
  phy
0  -1.757670 -2.660984 26.416138  0.065580 -0.829036 -0.555336  0.000000 0.000000 1 104 1.000000
0  -3.019498 -3.583168 27.696136  0.021171 -0.151233 -0.988271  0.000000 0.000000 1 104 1.000000
0  -2.943778 -3.047573 23.180290  0.562868 -0.406997 -0.719398  0.000000 0.000000 1 104 1.000000
  phy
0  -5.576787 -1.722344 39.605019  -0.155343 0.985480 0.068546  0.000000 0.000000 1 104 1.000000
0  -5.016782 -2.633756 40.861599  -0.792517 -0.580069 -0.188245  0.000000 0.000000 1 104 1.000000
0  -5.230194 -1.690214 41.051311  -0.695392 -0.661090 0.281762  0.000000 0.000000 1 104 1.000000
  phy
0  -3.846367 0.353291 22.618496  0.467413 0.619778 0.630397  0.000000 0.000000 1 104 1.000000
0  -3.008644 0.735789 22.516216  0.245555 0.006252 0.969363  0.000000 0.000000 1 104 1.000000
0  -2.943778 -3.047573 23.180290  0.562868 -0.406997 -0.719398  0.000000 0.000000 1 104 1.000000
  phy
0  -1.587573 -0.407778 22.839617  0.126614 -0.982007 0.140114  0.000000 0.000000 1 104 1.000000
0  -2.943778 -3.047573 23.180290  0.562868 -0.406997 -0.719398  0.000000 0.000000 1 104 1.000000
0  -2.075133 0.239383 22.671993  0.280610 -0.566704 0.774664  0.000000 0.000000 1 104 1.000000
  phy
0  -2.943778 -3.047573 23.180290  0.562868 -0.406997 -0.719398  0.000000 0.000000 1 104 1.000000
0  -3.008644 0.735789 22.516216  0.245555 0.006252 0.969363  0.000000 0.000000 1 104 1.000000
0  -2.075133 0.239383 22.671993  0.280610 -0.566704 0.774664  0.000000 0.000000 1 104 1.000000
  phy
0  -1.757670 -2.660984 26.416138  0.065580 -0.829036 -0.555336  0.000000 0.000000 1 104 1.000000
0  -2.943778 -3.047573 23.180290  0.562868 -0.406997 -0.719398  0.000000 0.000000 1 104 1.000000
0  -1.587573 -0.407778 22.839617  0.126614 -0.982007 0.140114  0.000000 0.000000 1 104 1.000000
  phy
0  -3.136637 -4.001162 38.332264  -0.565762 -0.559313 -0.605873  0.000000 0.000000 1 104 1.000000
0  -0.868469 -1.914672 35.703827  -0.454708 -0.890578 -0.010524  0.000000 0.000000 1 104 1.000000
0  -5.016782 -2.633756 40.861599  -0.792517 -0.580069 -0.188245  0.000000 0.000000 1 104 1.000000
  phy
0  -0.868469 -1.914672 35.703827  -0.454708 -0.890578 -0.010524  0.000000 0.000000 1 104 1.000000
0  -5.230194 -1.690214 41.051311  -0.695392 -0.661090 0.281762  0.000000 0.000000 1 104 1.000000
0  -5.016782 -2.633756 40.861599  -0.792517 -0.580069 -0.188245  0.000000 0.000000 1 104 1.000000
  phy
0  -3.701369 1.478692 18.964729  -0.052413 0.103667 0.993230  0.000000 0.000000 1 105 1.000000
0  -3.466534 0.844534 22.167635  -0.197844 0.057527 0.978544  0.000000 0.000000 1 105 1.000000
0  -2.342116 1.328056 18.930672  -0.053012 -0.366999 0.928710  0.000000 0.000000 1 105 1.000000
  phy
0  -2.342116 1.328056 18.930672  -0.053012 -0.366999 0.928710  0.000000 0.000000 1 105 1.000000
0  -3.466534 0.844534 22.167635  -0.197844 0.057527 0.978544  0.000000 0.000000 1 105 1.000000
0  -2.514890 0.397722 22.292313  -0.502457 -0.647189 0.573309  0.000000 0.000000 1 105 1.000000
  phy
0  -2.514890 0.397722 22.292313  -0.502457 -0.647189 0.573309  0.000000 0.000000 1 105 1.000000
0  -1.697054 0.478602 18.867682  0.013357 -0.995030 0.098680  0.000000 0.000000 1 105 1.000000
0  -2.342116 1.328056 18.930672  -0.053012 -0.366999 0.928710  0.000000 0.000000 1 105 1.000000
  phy
0  -2.342116 1.328056 18.930672  -0.053012 -0.366999 0.928710  0.000000 0.000000 1 105 1.000000
0  -1.697054 0.478602 18.867682  0.013357 -0.995030 0.098680  0.000000 0.000000 1 105 1.000000
0  -2.470064 1.269879 16.056301  0.162630 -0.565526 0.808537  0.000000 0.000000 1 105 1.000000
  phy
0  -2.342116 1.328056 18.930672  -0.053012 -0.366999 0.928710  0.000000 0.000000 1 105 1.000000
0  -3.674048 1.585697 16.079857  0.164625 0.101810 0.981088  0.000000 0.000000 1 105 1.000000
0  -3.701369 1.478692 18.964729  -0.052413 0.103667 0.993230  0.000000 0.000000 1 105 1.000000
  phy
0  -2.470064 1.269879 16.056301  0.162630 -0.565526 0.808537  0.000000 0.000000 1 105 1.000000
0  -3.674048 1.585697 16.079857  0.164625 0.101810 0.981088  0.000000 0.000000 1 105 1.000000
0  -2.342116 1.328056 18.930672  -0.053012 -0.366999 0.928710  0.000000 0.000000 1 105 1.000000
  phy
0  -2.469409 -0.503618 5.581643  0.237795 -0.820724 0.519486  0.000000 0.000000 1 105 1.000000
0  -4.287299 -0.617753 5.568116  0.132106 0.945278 -0.298323  0.000000 0.000000 1 105 1.000000
0  -3.156871 0.013208 5.613024  0.256437 0.101183 0.961250  0.000000 0.000000 1 105 1.000000
  phy
0  -3.532826 -1.530436 5.568645  0.058426 0.140769 -0.988317  0.000000 0.000000 1 105 1.000000
0  -4.287299 -0.617753 5.568116  0.132106 0.945278 -0.298323  0.000000 0.000000 1 105 1.000000
0  -2.469409 -0.503618 5.581643  0.237795 -0.820724 0.519486  0.000000 0.000000 1 105 1.000000
  phy
0  -2.469409 -0.503618 5.581643  0.237795 -0.820724 0.519486  0.000000 0.000000 1 105 1.000000
0  -2.394045 -1.035608 5.983293  0.020280 -0.855778 -0.516946  0.000000 0.000000 1 105 1.000000
0  -3.532826 -1.530436 5.568645  0.058426 0.140769 -0.988317  0.000000 0.000000 1 105 1.000000
  phy
0  -3.156871 0.013208 5.613024  0.256437 0.101183 0.961250  0.000000 0.000000 1 105 1.000000
0  -2.470064 1.269879 16.056301  0.162630 -0.565526 0.808537  0.000000 0.000000 1 105 1.000000
0  -2.469409 -0.503618 5.581643  0.237795 -0.820724 0.519486  0.000000 0.000000 1 105 1.000000
  phy
0  -2.470064 1.269879 16.056301  0.162630 -0.565526 0.808537  0.000000 0.000000 1 105 1.000000
0  -1.697054 0.478602 18.867682  0.013357 -0.995030 0.098680  0.000000 0.000000 1 105 1.000000
0  -2.469409 -0.503618 5.581643  0.237795 -0.820724 0.519486  0.000000 0.000000 1 105 1.000000
  phy
0  -2.469409 -0.503618 5.581643  0.237795 -0.820724 0.519486  0.000000 0.000000 1 105 1.000000
0  -1.697054 0.478602 18.867682  0.013357 -0.995030 0.098680  0.000000 0.000000 1 105 1.000000
0  -2.394045 -1.035608 5.983293  0.020280 -0.855778 -0.516946  0.000000 0.000000 1 105 1.000000
  phy
0  -5.137831 1.115148 16.044983  0.204049 0.635756 0.744432  0.000000 0.000000 1 105 1.000000
0  -3.674048 1.585697 16.079857  0.164625 0.101810 0.981088  0.000000 0.000000 1 105 1.000000
0  -3.156871 0.013208 5.613024  0.256437 0.101183 0.961250  0.000000 0.000000 1 105 1.000000
  phy
0  -3.156871 0.013208 5.613024  0.256437 0.101183 0.961250  0.000000 0.000000 1 105 1.000000
0  -4.287299 -0.617753 5.568116  0.132106 0.945278 -0.298323  0.000000 0.000000 1 105 1.000000
0  -5.137831 1.115148 16.044983  0.204049 0.635756 0.744432  0.000000 0.000000 1 105 1.000000
  phy
0  -3.156871 0.013208 5.613024  0.256437 0.101183 0.961250  0.000000 0.000000 1 105 1.000000
0  -3.674048 1.585697 16.079857  0.164625 0.101810 0.981088  0.000000 0.000000 1 105 1.000000
0  -2.470064 1.269879 16.056301  0.162630 -0.565526 0.808537  0.000000 0.000000 1 105 1.000000
  phy
0  -4.954386 -0.533928 22.360140  -0.267709 0.961988 0.053946  0.000000 0.000000 1 105 1.000000
0  -5.471177 0.303881 18.854767  -0.054218 0.992827 -0.106559  0.000000 0.000000 1 105 1.000000
0  -4.419162 -2.556538 22.841778  -0.098746 0.726043 -0.680522  0.000000 0.000000 1 105 1.000000
  phy
0  -5.471177 0.303881 18.854767  -0.054218 0.992827 -0.106559  0.000000 0.000000 1 105 1.000000
0  -5.389342 -0.182644 17.770088  0.029495 0.898780 -0.437408  0.000000 0.000000 1 105 1.000000
0  -4.419162 -2.556538 22.841778  -0.098746 0.726043 -0.680522  0.000000 0.000000 1 105 1.000000
  phy
0  -5.243195 0.320822 15.986145  0.100750 0.994779 0.016231  0.000000 0.000000 1 105 1.000000
0  -5.471177 0.303881 18.854767  -0.054218 0.992827 -0.106559  0.000000 0.000000 1 105 1.000000
0  -5.137831 1.115148 16.044983  0.204049 0.635756 0.744432  0.000000 0.000000 1 105 1.000000
  phy
0  -5.471177 0.303881 18.854767  -0.054218 0.992827 -0.106559  0.000000 0.000000 1 105 1.000000
0  -5.243195 0.320822 15.986145  0.100750 0.994779 0.016231  0.000000 0.000000 1 105 1.000000
0  -5.389342 -0.182644 17.770088  0.029495 0.898780 -0.437408  0.000000 0.000000 1 105 1.000000
  phy
0  -5.471177 0.303881 18.854767  -0.054218 0.992827 -0.106559  0.000000 0.000000 1 105 1.000000
0  -4.954386 -0.533928 22.360140  -0.267709 0.961988 0.053946  0.000000 0.000000 1 105 1.000000
0  -5.246733 1.160029 18.918171  -0.098612 0.587321 0.803324  0.000000 0.000000 1 105 1.000000
  phy
0  -5.137831 1.115148 16.044983  0.204049 0.635756 0.744432  0.000000 0.000000 1 105 1.000000
0  -5.471177 0.303881 18.854767  -0.054218 0.992827 -0.106559  0.000000 0.000000 1 105 1.000000
0  -5.246733 1.160029 18.918171  -0.098612 0.587321 0.803324  0.000000 0.000000 1 105 1.000000
  phy
0  -5.243195 0.320822 15.986145  0.100750 0.994779 0.016231  0.000000 0.000000 1 105 1.000000
0  -5.137831 1.115148 16.044983  0.204049 0.635756 0.744432  0.000000 0.000000 1 105 1.000000
0  -4.287299 -0.617753 5.568116  0.132106 0.945278 -0.298323  0.000000 0.000000 1 105 1.000000
  phy
0  -5.389342 -0.182644 17.770088  0.029495 0.898780 -0.437408  0.000000 0.000000 1 105 1.000000
0  -5.243195 0.320822 15.986145  0.100750 0.994779 0.016231  0.000000 0.000000 1 105 1.000000
0  -4.287299 -0.617753 5.568116  0.132106 0.945278 -0.298323  0.000000 0.000000 1 105 1.000000
  phy
0  -3.180328 -2.775595 22.666914  -0.011290 -0.289897 -0.956991  0.000000 0.000000 1 105 1.000000
0  -2.242890 -2.231573 22.797922  -0.205400 -0.926012 -0.316722  0.000000 0.000000 1 105 1.000000
0  -4.419162 -2.556538 22.841778  -0.098746 0.726043 -0.680522  0.000000 0.000000 1 105 1.000000
  phy
0  -3.532826 -1.530436 5.568645  0.058426 0.140769 -0.988317  0.000000 0.000000 1 105 1.000000
0  -3.180328 -2.775595 22.666914  -0.011290 -0.289897 -0.956991  0.000000 0.000000 1 105 1.000000
0  -4.419162 -2.556538 22.841778  -0.098746 0.726043 -0.680522  0.000000 0.000000 1 105 1.000000
  phy
0  -2.242890 -2.231573 22.797922  -0.205400 -0.926012 -0.316722  0.000000 0.000000 1 105 1.000000
0  -3.180328 -2.775595 22.666914  -0.011290 -0.289897 -0.956991  0.000000 0.000000 1 105 1.000000
0  -2.394045 -1.035608 5.983293  0.020280 -0.855778 -0.516946  0.000000 0.000000 1 105 1.000000
  phy
0  -3.180328 -2.775595 22.666914  -0.011290 -0.289897 -0.956991  0.000000 0.000000 1 105 1.000000
0  -3.532826 -1.530436 5.568645  0.058426 0.140769 -0.988317  0.000000 0.000000 1 105 1.000000
0  -2.394045 -1.035608 5.983293  0.020280 -0.855778 -0.516946  0.000000 0.000000 1 105 1.000000
  phy
0  -2.156637 -0.224622 21.408741  -0.225215 -0.952688 0.204116  0.000000 0.000000 1 105 1.000000
0  -2.514890 0.397722 22.292313  -0.502457 -0.647189 0.573309  0.000000 0.000000 1 105 1.000000
0  -2.242890 -2.231573 22.797922  -0.205400 -0.926012 -0.316722  0.000000 0.000000 1 105 1.000000
  phy
0  -2.242890 -2.231573 22.797922  -0.205400 -0.926012 -0.316722  0.000000 0.000000 1 105 1.000000
0  -1.697054 0.478602 18.867682  0.013357 -0.995030 0.098680  0.000000 0.000000 1 105 1.000000
0  -2.156637 -0.224622 21.408741  -0.225215 -0.952688 0.204116  0.000000 0.000000 1 105 1.000000
  phy
0  -2.156637 -0.224622 21.408741  -0.225215 -0.952688 0.204116  0.000000 0.000000 1 105 1.000000
0  -1.697054 0.478602 18.867682  0.013357 -0.995030 0.098680  0.000000 0.000000 1 105 1.000000
0  -2.514890 0.397722 22.292313  -0.502457 -0.647189 0.573309  0.000000 0.000000 1 105 1.000000
  phy
0  -3.674048 1.585697 16.079857  0.164625 0.101810 0.981088  0.000000 0.000000 1 105 1.000000
0  -5.246733 1.160029 18.918171  -0.098612 0.587321 0.803324  0.000000 0.000000 1 105 1.000000
0  -3.701369 1.478692 18.964729  -0.052413 0.103667 0.993230  0.000000 0.000000 1 105 1.000000
  phy
0  -3.701369 1.478692 18.964729  -0.052413 0.103667 0.993230  0.000000 0.000000 1 105 1.000000
0  -5.246733 1.160029 18.918171  -0.098612 0.587321 0.803324  0.000000 0.000000 1 105 1.000000
0  -3.466534 0.844534 22.167635  -0.197844 0.057527 0.978544  0.000000 0.000000 1 105 1.000000
  phy
0  -5.137831 1.115148 16.044983  0.204049 0.635756 0.744432  0.000000 0.000000 1 105 1.000000
0  -5.246733 1.160029 18.918171  -0.098612 0.587321 0.803324  0.000000 0.000000 1 105 1.000000
0  -3.674048 1.585697 16.079857  0.164625 0.101810 0.981088  0.000000 0.000000 1 105 1.000000
  phy
0  -4.954386 -0.533928 22.360140  -0.267709 0.961988 0.053946  0.000000 0.000000 1 105 1.000000
0  -4.318189 0.384448 22.824144  -0.834910 0.285802 0.470364  0.000000 0.000000 1 105 1.000000
0  -5.246733 1.160029 18.918171  -0.098612 0.587321 0.803324  0.000000 0.000000 1 105 1.000000
  phy
0  -4.318189 0.384448 22.824144  -0.834910 0.285802 0.470364  0.000000 0.000000 1 105 1.000000
0  -4.954386 -0.533928 22.360140  -0.267709 0.961988 0.053946  0.000000 0.000000 1 105 1.000000
0  -4.419162 -2.556538 22.841778  -0.098746 0.726043 -0.680522  0.000000 0.000000 1 105 1.000000
  phy
0  -4.318189 0.384448 22.824144  -0.834910 0.285802 0.470364  0.000000 0.000000 1 105 1.000000
0  -2.242890 -2.231573 22.797922  -0.205400 -0.926012 -0.316722  0.000000 0.000000 1 105 1.000000
0  -2.514890 0.397722 22.292313  -0.502457 -0.647189 0.573309  0.000000 0.000000 1 105 1.000000
  phy
0  -2.242890 -2.231573 22.797922  -0.205400 -0.926012 -0.316722  0.000000 0.000000 1 105 1.000000
0  -4.318189 0.384448 22.824144  -0.834910 0.285802 0.470364  0.000000 0.000000 1 105 1.000000
0  -4.419162 -2.556538 22.841778  -0.098746 0.726043 -0.680522  0.000000 0.000000 1 105 1.000000
  phy
0  -2.394045 -1.035608 5.983293  0.020280 -0.855778 -0.516946  0.000000 0.000000 1 105 1.000000
0  -1.697054 0.478602 18.867682  0.013357 -0.995030 0.098680  0.000000 0.000000 1 105 1.000000
0  -2.242890 -2.231573 22.797922  -0.205400 -0.926012 -0.316722  0.000000 0.000000 1 105 1.000000
  phy
0  -4.287299 -0.617753 5.568116  0.132106 0.945278 -0.298323  0.000000 0.000000 1 105 1.000000
0  -3.532826 -1.530436 5.568645  0.058426 0.140769 -0.988317  0.000000 0.000000 1 105 1.000000
0  -4.419162 -2.556538 22.841778  -0.098746 0.726043 -0.680522  0.000000 0.000000 1 105 1.000000
  phy
0  -2.514890 0.397722 22.292313  -0.502457 -0.647189 0.573309  0.000000 0.000000 1 105 1.000000
0  -3.466534 0.844534 22.167635  -0.197844 0.057527 0.978544  0.000000 0.000000 1 105 1.000000
0  -4.318189 0.384448 22.824144  -0.834910 0.285802 0.470364  0.000000 0.000000 1 105 1.000000
  phy
0  -3.466534 0.844534 22.167635  -0.197844 0.057527 0.978544  0.000000 0.000000 1 105 1.000000
0  -5.246733 1.160029 18.918171  -0.098612 0.587321 0.803324  0.000000 0.000000 1 105 1.000000
0  -4.318189 0.384448 22.824144  -0.834910 0.285802 0.470364  0.000000 0.000000 1 105 1.000000
  phy
0  -5.389342 -0.182644 17.770088  0.029495 0.898780 -0.437408  0.000000 0.000000 1 105 1.000000
0  -4.287299 -0.617753 5.568116  0.132106 0.945278 -0.298323  0.000000 0.000000 1 105 1.000000
0  -4.419162 -2.556538 22.841778  -0.098746 0.726043 -0.680522  0.000000 0.000000 1 105 1.000000
  phy
0  5.112662 -3.545502 34.049244  0.035382 -0.583969 -0.811005  0.000000 0.000000 1 98 1.000000
0  6.242120 -1.984667 34.139126  0.109608 -0.987473 -0.113508  0.000000 0.000000 1 98 1.000000
0  5.810433 -2.555246 36.174294  -0.051662 -0.839011 -0.541657  0.000000 0.000000 1 98 1.000000
  phy
0  5.112662 -3.545502 34.049244  0.035382 -0.583969 -0.811005  0.000000 0.000000 1 98 1.000000
0  5.115128 -3.388192 30.912327  0.100711 -0.452695 -0.885960  0.000000 0.000000 1 98 1.000000
0  6.242120 -1.984667 34.139126  0.109608 -0.987473 -0.113508  0.000000 0.000000 1 98 1.000000
  phy
0  5.112662 -3.545502 34.049244  0.035382 -0.583969 -0.811005  0.000000 0.000000 1 98 1.000000
0  5.810433 -2.555246 36.174294  -0.051662 -0.839011 -0.541657  0.000000 0.000000 1 98 1.000000
0  4.953685 -3.611005 35.920383  -0.043801 -0.571190 -0.819649  0.000000 0.000000 1 98 1.000000
  phy
0  5.112662 -3.545502 34.049244  0.035382 -0.583969 -0.811005  0.000000 0.000000 1 98 1.000000
0  4.953685 -3.611005 35.920383  -0.043801 -0.571190 -0.819649  0.000000 0.000000 1 98 1.000000
0  3.104430 -4.038956 37.133347  0.034729 -0.028300 -0.998996  0.000000 0.000000 1 98 1.000000
  phy
0  5.112662 -3.545502 34.049244  0.035382 -0.583969 -0.811005  0.000000 0.000000 1 98 1.000000
0  3.104430 -4.038956 37.133347  0.034729 -0.028300 -0.998996  0.000000 0.000000 1 98 1.000000
0  5.115128 -3.388192 30.912327  0.100711 -0.452695 -0.885960  0.000000 0.000000 1 98 1.000000
  phy
0  5.227643 -2.665354 39.983097  -0.108873 -0.838554 -0.533829  0.000000 0.000000 1 98 1.000000
0  6.124820 -1.759928 36.325027  -0.089269 -0.987571 0.129362  0.000000 0.000000 1 98 1.000000
0  5.545569 -1.750393 40.127823  -0.169844 -0.979685 0.106628  0.000000 0.000000 1 98 1.000000
  phy
0  5.810433 -2.555246 36.174294  -0.051662 -0.839011 -0.541657  0.000000 0.000000 1 98 1.000000
0  6.124820 -1.759928 36.325027  -0.089269 -0.987571 0.129362  0.000000 0.000000 1 98 1.000000
0  5.227643 -2.665354 39.983097  -0.108873 -0.838554 -0.533829  0.000000 0.000000 1 98 1.000000
  phy
0  4.953685 -3.611005 35.920383  -0.043801 -0.571190 -0.819649  0.000000 0.000000 1 98 1.000000
0  5.810433 -2.555246 36.174294  -0.051662 -0.839011 -0.541657  0.000000 0.000000 1 98 1.000000
0  5.227643 -2.665354 39.983097  -0.108873 -0.838554 -0.533829  0.000000 0.000000 1 98 1.000000
  phy
0  5.227643 -2.665354 39.983097  -0.108873 -0.838554 -0.533829  0.000000 0.000000 1 98 1.000000
0  4.381521 -3.654358 39.557755  -0.128591 -0.421671 -0.897584  0.000000 0.000000 1 98 1.000000
0  4.953685 -3.611005 35.920383  -0.043801 -0.571190 -0.819649  0.000000 0.000000 1 98 1.000000
  phy
0  5.545569 -1.750393 40.127823  -0.169844 -0.979685 0.106628  0.000000 0.000000 1 98 1.000000
0  4.862429 -2.672510 41.455887  -0.682454 0.730693 -0.018544  0.000000 0.000000 1 98 1.000000
0  5.227643 -2.665354 39.983097  -0.108873 -0.838554 -0.533829  0.000000 0.000000 1 98 1.000000
  phy
0  5.227643 -2.665354 39.983097  -0.108873 -0.838554 -0.533829  0.000000 0.000000 1 98 1.000000
0  4.862429 -2.672510 41.455887  -0.682454 0.730693 -0.018544  0.000000 0.000000 1 98 1.000000
0  4.381521 -3.654358 39.557755  -0.128591 -0.421671 -0.897584  0.000000 0.000000 1 98 1.000000
  phy
0  4.371473 0.640427 30.654694  0.057194 -0.415613 0.907742  0.000000 0.000000 1 98 1.000000
0  3.214198 1.377791 38.179790  -0.342950 0.291133 0.893099  0.000000 0.000000 1 98 1.000000
0  4.508581 0.803606 35.705021  0.013777 -0.516693 0.856060  0.000000 0.000000 1 98 1.000000
  phy
0  4.371473 0.640427 30.654694  0.057194 -0.415613 0.907742  0.000000 0.000000 1 98 1.000000
0  3.112992 0.725024 22.528120  0.158400 0.095073 0.982787  0.000000 0.000000 1 98 1.000000
0  3.214198 1.377791 38.179790  -0.342950 0.291133 0.893099  0.000000 0.000000 1 98 1.000000
  phy
0  3.943920 0.344862 22.628010  0.414053 -0.607819 0.677582  0.000000 0.000000 1 98 1.000000
0  3.112992 0.725024 22.528120  0.158400 0.095073 0.982787  0.000000 0.000000 1 98 1.000000
0  4.371473 0.640427 30.654694  0.057194 -0.415613 0.907742  0.000000 0.000000 1 98 1.000000
  phy
0  4.508581 0.803606 35.705021  0.013777 -0.516693 0.856060  0.000000 0.000000 1 98 1.000000
0  5.322382 -0.059002 30.767494  0.090988 -0.804581 0.586831  0.000000 0.000000 1 98 1.000000
0  4.371473 0.640427 30.654694  0.057194 -0.415613 0.907742  0.000000 0.000000 1 98 1.000000
  phy
0  5.322382 -0.059002 30.767494  0.090988 -0.804581 0.586831  0.000000 0.000000 1 98 1.000000
0  3.943920 0.344862 22.628010  0.414053 -0.607819 0.677582  0.000000 0.000000 1 98 1.000000
0  4.371473 0.640427 30.654694  0.057194 -0.415613 0.907742  0.000000 0.000000 1 98 1.000000
  phy
0  3.104430 -4.038956 37.133347  0.034729 -0.028300 -0.998996  0.000000 0.000000 1 98 1.000000
0  4.953685 -3.611005 35.920383  -0.043801 -0.571190 -0.819649  0.000000 0.000000 1 98 1.000000
0  4.381521 -3.654358 39.557755  -0.128591 -0.421671 -0.897584  0.000000 0.000000 1 98 1.000000
  phy
0  5.545569 -1.750393 40.127823  -0.169844 -0.979685 0.106628  0.000000 0.000000 1 98 1.000000
0  5.109366 -1.716708 41.540752  -0.901190 0.231347 0.366518  0.000000 0.000000 1 98 1.000000
0  4.862429 -2.672510 41.455887  -0.682454 0.730693 -0.018544  0.000000 0.000000 1 98 1.000000
  phy
0  5.545569 -1.750393 40.127823  -0.169844 -0.979685 0.106628  0.000000 0.000000 1 98 1.000000
0  6.124820 -1.759928 36.325027  -0.089269 -0.987571 0.129362  0.000000 0.000000 1 98 1.000000
0  5.066341 0.158174 39.270706  -0.089999 -0.795484 0.599255  0.000000 0.000000 1 98 1.000000
  phy
0  5.066341 0.158174 39.270706  -0.089999 -0.795484 0.599255  0.000000 0.000000 1 98 1.000000
0  4.856826 0.129678 40.290390  -0.550408 -0.460494 0.696417  0.000000 0.000000 1 98 1.000000
0  5.545569 -1.750393 40.127823  -0.169844 -0.979685 0.106628  0.000000 0.000000 1 98 1.000000
  phy
0  4.856826 0.129678 40.290390  -0.550408 -0.460494 0.696417  0.000000 0.000000 1 98 1.000000
0  5.109366 -1.716708 41.540752  -0.901190 0.231347 0.366518  0.000000 0.000000 1 98 1.000000
0  5.545569 -1.750393 40.127823  -0.169844 -0.979685 0.106628  0.000000 0.000000 1 98 1.000000
  phy
0  6.242120 -1.984667 34.139126  0.109608 -0.987473 -0.113508  0.000000 0.000000 1 98 1.000000
0  6.124820 -1.759928 36.325027  -0.089269 -0.987571 0.129362  0.000000 0.000000 1 98 1.000000
0  5.810433 -2.555246 36.174294  -0.051662 -0.839011 -0.541657  0.000000 0.000000 1 98 1.000000
  phy
0  5.066341 0.158174 39.270706  -0.089999 -0.795484 0.599255  0.000000 0.000000 1 98 1.000000
0  5.597072 -0.039274 35.172729  0.011013 -0.846883 0.531665  0.000000 0.000000 1 98 1.000000
0  4.508581 0.803606 35.705021  0.013777 -0.516693 0.856060  0.000000 0.000000 1 98 1.000000
  phy
0  4.508581 0.803606 35.705021  0.013777 -0.516693 0.856060  0.000000 0.000000 1 98 1.000000
0  3.214198 1.377791 38.179790  -0.342950 0.291133 0.893099  0.000000 0.000000 1 98 1.000000
0  5.066341 0.158174 39.270706  -0.089999 -0.795484 0.599255  0.000000 0.000000 1 98 1.000000
  phy
0  4.508581 0.803606 35.705021  0.013777 -0.516693 0.856060  0.000000 0.000000 1 98 1.000000
0  5.597072 -0.039274 35.172729  0.011013 -0.846883 0.531665  0.000000 0.000000 1 98 1.000000
0  5.322382 -0.059002 30.767494  0.090988 -0.804581 0.586831  0.000000 0.000000 1 98 1.000000
  phy
0  1.269211 -1.280940 26.323711  0.059111 0.983218 -0.172593  0.000000 0.000000 1 98 1.000000
0  2.109243 -1.934568 23.110325  0.361505 0.831924 -0.420971  0.000000 0.000000 1 98 1.000000
0  1.764487 -2.655856 26.161633  0.086002 0.791396 -0.605223  0.000000 0.000000 1 98 1.000000
  phy
0  2.109243 -1.934568 23.110325  0.361505 0.831924 -0.420971  0.000000 0.000000 1 98 1.000000
0  1.269211 -1.280940 26.323711  0.059111 0.983218 -0.172593  0.000000 0.000000 1 98 1.000000
0  1.675468 -0.426018 22.965275  0.066829 0.950149 0.304551  0.000000 0.000000 1 98 1.000000
  phy
0  1.269211 -1.280940 26.323711  0.059111 0.983218 -0.172593  0.000000 0.000000 1 98 1.000000
0  1.764487 -2.655856 26.161633  0.086002 0.791396 -0.605223  0.000000 0.000000 1 98 1.000000
0  1.067615 -2.593376 35.967533  -0.011459 0.888274 -0.459171  0.000000 0.000000 1 98 1.000000
  phy
0  1.269211 -1.280940 26.323711  0.059111 0.983218 -0.172593  0.000000 0.000000 1 98 1.000000
0  1.067615 -2.593376 35.967533  -0.011459 0.888274 -0.459171  0.000000 0.000000 1 98 1.000000
0  0.861242 -1.919946 35.787682  -0.351079 0.933049 -0.078512  0.000000 0.000000 1 98 1.000000
  phy
0  1.269211 -1.280940 26.323711  0.059111 0.983218 -0.172593  0.000000 0.000000 1 98 1.000000
0  0.870610 -1.076078 35.631889  -0.326491 0.928867 0.174958  0.000000 0.000000 1 98 1.000000
0  1.675468 -0.426018 22.965275  0.066829 0.950149 0.304551  0.000000 0.000000 1 98 1.000000
  phy
0  0.870610 -1.076078 35.631889  -0.326491 0.928867 0.174958  0.000000 0.000000 1 98 1.000000
0  1.269211 -1.280940 26.323711  0.059111 0.983218 -0.172593  0.000000 0.000000 1 98 1.000000
0  0.861242 -1.919946 35.787682  -0.351079 0.933049 -0.078512  0.000000 0.000000 1 98 1.000000
  phy
0  2.109243 -1.934568 23.110325  0.361505 0.831924 -0.420971  0.000000 0.000000 1 98 1.000000
0  1.675468 -0.426018 22.965275  0.066829 0.950149 0.304551  0.000000 0.000000 1 98 1.000000
0  2.187541 0.231691 22.684998  0.448261 0.650807 0.612791  0.000000 0.000000 1 98 1.000000
  phy
0  2.187541 0.231691 22.684998  0.448261 0.650807 0.612791  0.000000 0.000000 1 98 1.000000
0  3.064091 -3.047938 23.189232  0.481984 0.039549 -0.875287  0.000000 0.000000 1 98 1.000000
0  2.109243 -1.934568 23.110325  0.361505 0.831924 -0.420971  0.000000 0.000000 1 98 1.000000
  phy
0  1.764487 -2.655856 26.161633  0.086002 0.791396 -0.605223  0.000000 0.000000 1 98 1.000000
0  2.109243 -1.934568 23.110325  0.361505 0.831924 -0.420971  0.000000 0.000000 1 98 1.000000
0  3.064091 -3.047938 23.189232  0.481984 0.039549 -0.875287  0.000000 0.000000 1 98 1.000000
  phy
0  3.104430 -4.038956 37.133347  0.034729 -0.028300 -0.998996  0.000000 0.000000 1 98 1.000000
0  1.789211 -3.424535 36.442154  0.013488 0.522059 -0.852803  0.000000 0.000000 1 98 1.000000
0  3.001041 -3.584660 27.701197  0.066986 0.163171 -0.984321  0.000000 0.000000 1 98 1.000000
  phy
0  1.789211 -3.424535 36.442154  0.013488 0.522059 -0.852803  0.000000 0.000000 1 98 1.000000
0  3.104430 -4.038956 37.133347  0.034729 -0.028300 -0.998996  0.000000 0.000000 1 98 1.000000
0  2.940372 -4.016850 38.610256  -0.535782 0.706446 -0.462462  0.000000 0.000000 1 98 1.000000
  phy
0  3.104430 -4.038956 37.133347  0.034729 -0.028300 -0.998996  0.000000 0.000000 1 98 1.000000
0  4.381521 -3.654358 39.557755  -0.128591 -0.421671 -0.897584  0.000000 0.000000 1 98 1.000000
0  2.940372 -4.016850 38.610256  -0.535782 0.706446 -0.462462  0.000000 0.000000 1 98 1.000000
  phy
0  3.104430 -4.038956 37.133347  0.034729 -0.028300 -0.998996  0.000000 0.000000 1 98 1.000000
0  3.001041 -3.584660 27.701197  0.066986 0.163171 -0.984321  0.000000 0.000000 1 98 1.000000
0  5.115128 -3.388192 30.912327  0.100711 -0.452695 -0.885960  0.000000 0.000000 1 98 1.000000
  phy
0  1.789211 -3.424535 36.442154  0.013488 0.522059 -0.852803  0.000000 0.000000 1 98 1.000000
0  1.067615 -2.593376 35.967533  -0.011459 0.888274 -0.459171  0.000000 0.000000 1 98 1.000000
0  1.799639 -3.049401 30.752674  0.040941 0.624035 -0.780323  0.000000 0.000000 1 98 1.000000
  phy
0  1.067615 -2.593376 35.967533  -0.011459 0.888274 -0.459171  0.000000 0.000000 1 98 1.000000
0  1.789211 -3.424535 36.442154  0.013488 0.522059 -0.852803  0.000000 0.000000 1 98 1.000000
0  2.940372 -4.016850 38.610256  -0.535782 0.706446 -0.462462  0.000000 0.000000 1 98 1.000000
  phy
0  3.001041 -3.584660 27.701197  0.066986 0.163171 -0.984321  0.000000 0.000000 1 98 1.000000
0  1.789211 -3.424535 36.442154  0.013488 0.522059 -0.852803  0.000000 0.000000 1 98 1.000000
0  1.799639 -3.049401 30.752674  0.040941 0.624035 -0.780323  0.000000 0.000000 1 98 1.000000
  phy
0  5.066341 0.158174 39.270706  -0.089999 -0.795484 0.599255  0.000000 0.000000 1 98 1.000000
0  6.124820 -1.759928 36.325027  -0.089269 -0.987571 0.129362  0.000000 0.000000 1 98 1.000000
0  5.597072 -0.039274 35.172729  0.011013 -0.846883 0.531665  0.000000 0.000000 1 98 1.000000
  phy
0  5.066341 0.158174 39.270706  -0.089999 -0.795484 0.599255  0.000000 0.000000 1 98 1.000000
0  3.214198 1.377791 38.179790  -0.342950 0.291133 0.893099  0.000000 0.000000 1 98 1.000000
0  4.856826 0.129678 40.290390  -0.550408 -0.460494 0.696417  0.000000 0.000000 1 98 1.000000
  phy
0  5.322382 -0.059002 30.767494  0.090988 -0.804581 0.586831  0.000000 0.000000 1 98 1.000000
0  5.597072 -0.039274 35.172729  0.011013 -0.846883 0.531665  0.000000 0.000000 1 98 1.000000
0  6.242120 -1.984667 34.139126  0.109608 -0.987473 -0.113508  0.000000 0.000000 1 98 1.000000
  phy
0  5.597072 -0.039274 35.172729  0.011013 -0.846883 0.531665  0.000000 0.000000 1 98 1.000000
0  6.124820 -1.759928 36.325027  -0.089269 -0.987571 0.129362  0.000000 0.000000 1 98 1.000000
0  6.242120 -1.984667 34.139126  0.109608 -0.987473 -0.113508  0.000000 0.000000 1 98 1.000000
  phy
0  5.115128 -3.388192 30.912327  0.100711 -0.452695 -0.885960  0.000000 0.000000 1 98 1.000000
0  4.455772 -2.674339 23.182961  0.300536 -0.777117 -0.552962  0.000000 0.000000 1 98 1.000000
0  6.242120 -1.984667 34.139126  0.109608 -0.987473 -0.113508  0.000000 0.000000 1 98 1.000000
  phy
0  4.455772 -2.674339 23.182961  0.300536 -0.777117 -0.552962  0.000000 0.000000 1 98 1.000000
0  5.055602 -0.976954 22.924213  0.188958 -0.967605 0.167439  0.000000 0.000000 1 98 1.000000
0  6.242120 -1.984667 34.139126  0.109608 -0.987473 -0.113508  0.000000 0.000000 1 98 1.000000
  phy
0  6.242120 -1.984667 34.139126  0.109608 -0.987473 -0.113508  0.000000 0.000000 1 98 1.000000
0  5.055602 -0.976954 22.924213  0.188958 -0.967605 0.167439  0.000000 0.000000 1 98 1.000000
0  5.322382 -0.059002 30.767494  0.090988 -0.804581 0.586831  0.000000 0.000000 1 98 1.000000
  phy
0  4.381521 -3.654358 39.557755  -0.128591 -0.421671 -0.897584  0.000000 0.000000 1 98 1.000000
0  4.862429 -2.672510 41.455887  -0.682454 0.730693 -0.018544  0.000000 0.000000 1 98 1.000000
0  2.940372 -4.016850 38.610256  -0.535782 0.706446 -0.462462  0.000000 0.000000 1 98 1.000000
  phy
0  5.322382 -0.059002 30.767494  0.090988 -0.804581 0.586831  0.000000 0.000000 1 98 1.000000
0  5.055602 -0.976954 22.924213  0.188958 -0.967605 0.167439  0.000000 0.000000 1 98 1.000000
0  3.943920 0.344862 22.628010  0.414053 -0.607819 0.677582  0.000000 0.000000 1 98 1.000000
  phy
0  2.361286 1.109743 36.789032  -0.002977 0.505932 0.862568  0.000000 0.000000 1 98 1.000000
0  3.112992 0.725024 22.528120  0.158400 0.095073 0.982787  0.000000 0.000000 1 98 1.000000
0  1.779441 0.468770 30.614937  0.022272 0.685245 0.727972  0.000000 0.000000 1 98 1.000000
  phy
0  1.779441 0.468770 30.614937  0.022272 0.685245 0.727972  0.000000 0.000000 1 98 1.000000
0  3.112992 0.725024 22.528120  0.158400 0.095073 0.982787  0.000000 0.000000 1 98 1.000000
0  2.187541 0.231691 22.684998  0.448261 0.650807 0.612791  0.000000 0.000000 1 98 1.000000
  phy
0  2.361286 1.109743 36.789032  -0.002977 0.505932 0.862568  0.000000 0.000000 1 98 1.000000
0  1.779441 0.468770 30.614937  0.022272 0.685245 0.727972  0.000000 0.000000 1 98 1.000000
0  1.134460 -0.225988 35.598621  -0.054864 0.886475 0.459513  0.000000 0.000000 1 98 1.000000
  phy
0  1.134460 -0.225988 35.598621  -0.054864 0.886475 0.459513  0.000000 0.000000 1 98 1.000000
0  1.779441 0.468770 30.614937  0.022272 0.685245 0.727972  0.000000 0.000000 1 98 1.000000
0  1.675468 -0.426018 22.965275  0.066829 0.950149 0.304551  0.000000 0.000000 1 98 1.000000
  phy
0  1.779441 0.468770 30.614937  0.022272 0.685245 0.727972  0.000000 0.000000 1 98 1.000000
0  2.187541 0.231691 22.684998  0.448261 0.650807 0.612791  0.000000 0.000000 1 98 1.000000
0  1.675468 -0.426018 22.965275  0.066829 0.950149 0.304551  0.000000 0.000000 1 98 1.000000
  phy
0  3.214198 1.377791 38.179790  -0.342950 0.291133 0.893099  0.000000 0.000000 1 98 1.000000
0  3.112992 0.725024 22.528120  0.158400 0.095073 0.982787  0.000000 0.000000 1 98 1.000000
0  2.361286 1.109743 36.789032  -0.002977 0.505932 0.862568  0.000000 0.000000 1 98 1.000000
  phy
0  2.361286 1.109743 36.789032  -0.002977 0.505932 0.862568  0.000000 0.000000 1 98 1.000000
0  1.134460 -0.225988 35.598621  -0.054864 0.886475 0.459513  0.000000 0.000000 1 98 1.000000
0  3.214198 1.377791 38.179790  -0.342950 0.291133 0.893099  0.000000 0.000000 1 98 1.000000
  phy
0  0.870610 -1.076078 35.631889  -0.326491 0.928867 0.174958  0.000000 0.000000 1 98 1.000000
0  4.862429 -2.672510 41.455887  -0.682454 0.730693 -0.018544  0.000000 0.000000 1 98 1.000000
0  3.214198 1.377791 38.179790  -0.342950 0.291133 0.893099  0.000000 0.000000 1 98 1.000000
  phy
0  4.862429 -2.672510 41.455887  -0.682454 0.730693 -0.018544  0.000000 0.000000 1 98 1.000000
0  0.870610 -1.076078 35.631889  -0.326491 0.928867 0.174958  0.000000 0.000000 1 98 1.000000
0  0.861242 -1.919946 35.787682  -0.351079 0.933049 -0.078512  0.000000 0.000000 1 98 1.000000
  phy
0  1.134460 -0.225988 35.598621  -0.054864 0.886475 0.459513  0.000000 0.000000 1 98 1.000000
0  0.870610 -1.076078 35.631889  -0.326491 0.928867 0.174958  0.000000 0.000000 1 98 1.000000
0  3.214198 1.377791 38.179790  -0.342950 0.291133 0.893099  0.000000 0.000000 1 98 1.000000
  phy
0  0.870610 -1.076078 35.631889  -0.326491 0.928867 0.174958  0.000000 0.000000 1 98 1.000000
0  1.134460 -0.225988 35.598621  -0.054864 0.886475 0.459513  0.000000 0.000000 1 98 1.000000
0  1.675468 -0.426018 22.965275  0.066829 0.950149 0.304551  0.000000 0.000000 1 98 1.000000
  phy
0  1.067615 -2.593376 35.967533  -0.011459 0.888274 -0.459171  0.000000 0.000000 1 98 1.000000
0  1.764487 -2.655856 26.161633  0.086002 0.791396 -0.605223  0.000000 0.000000 1 98 1.000000
0  1.799639 -3.049401 30.752674  0.040941 0.624035 -0.780323  0.000000 0.000000 1 98 1.000000
  phy
0  1.764487 -2.655856 26.161633  0.086002 0.791396 -0.605223  0.000000 0.000000 1 98 1.000000
0  3.001041 -3.584660 27.701197  0.066986 0.163171 -0.984321  0.000000 0.000000 1 98 1.000000
0  1.799639 -3.049401 30.752674  0.040941 0.624035 -0.780323  0.000000 0.000000 1 98 1.000000
  phy
0  3.001041 -3.584660 27.701197  0.066986 0.163171 -0.984321  0.000000 0.000000 1 98 1.000000
0  1.764487 -2.655856 26.161633  0.086002 0.791396 -0.605223  0.000000 0.000000 1 98 1.000000
0  3.064091 -3.047938 23.189232  0.481984 0.039549 -0.875287  0.000000 0.000000 1 98 1.000000
  phy
0  1.067615 -2.593376 35.967533  -0.011459 0.888274 -0.459171  0.000000 0.000000 1 98 1.000000
0  2.940372 -4.016850 38.610256  -0.535782 0.706446 -0.462462  0.000000 0.000000 1 98 1.000000
0  0.861242 -1.919946 35.787682  -0.351079 0.933049 -0.078512  0.000000 0.000000 1 98 1.000000
  phy
0  5.115128 -3.388192 30.912327  0.100711 -0.452695 -0.885960  0.000000 0.000000 1 98 1.000000
0  3.001041 -3.584660 27.701197  0.066986 0.163171 -0.984321  0.000000 0.000000 1 98 1.000000
0  3.064091 -3.047938 23.189232  0.481984 0.039549 -0.875287  0.000000 0.000000 1 98 1.000000
  phy
0  4.856826 0.129678 40.290390  -0.550408 -0.460494 0.696417  0.000000 0.000000 1 98 1.000000
0  3.214198 1.377791 38.179790  -0.342950 0.291133 0.893099  0.000000 0.000000 1 98 1.000000
0  5.109366 -1.716708 41.540752  -0.901190 0.231347 0.366518  0.000000 0.000000 1 98 1.000000
  phy
0  4.455772 -2.674339 23.182961  0.300536 -0.777117 -0.552962  0.000000 0.000000 1 98 1.000000
0  5.115128 -3.388192 30.912327  0.100711 -0.452695 -0.885960  0.000000 0.000000 1 98 1.000000
0  3.064091 -3.047938 23.189232  0.481984 0.039549 -0.875287  0.000000 0.000000 1 98 1.000000
  phy
0  4.455772 -2.674339 23.182961  0.300536 -0.777117 -0.552962  0.000000 0.000000 1 98 1.000000
0  3.064091 -3.047938 23.189232  0.481984 0.039549 -0.875287  0.000000 0.000000 1 98 1.000000
0  3.943920 0.344862 22.628010  0.414053 -0.607819 0.677582  0.000000 0.000000 1 98 1.000000
  phy
0  3.064091 -3.047938 23.189232  0.481984 0.039549 -0.875287  0.000000 0.000000 1 98 1.000000
0  3.112992 0.725024 22.528120  0.158400 0.095073 0.982787  0.000000 0.000000 1 98 1.000000
0  3.943920 0.344862 22.628010  0.414053 -0.607819 0.677582  0.000000 0.000000 1 98 1.000000
  phy
0  3.943920 0.344862 22.628010  0.414053 -0.607819 0.677582  0.000000 0.000000 1 98 1.000000
0  5.055602 -0.976954 22.924213  0.188958 -0.967605 0.167439  0.000000 0.000000 1 98 1.000000
0  4.455772 -2.674339 23.182961  0.300536 -0.777117 -0.552962  0.000000 0.000000 1 98 1.000000
  phy
0  2.187541 0.231691 22.684998  0.448261 0.650807 0.612791  0.000000 0.000000 1 98 1.000000
0  3.112992 0.725024 22.528120  0.158400 0.095073 0.982787  0.000000 0.000000 1 98 1.000000
0  3.064091 -3.047938 23.189232  0.481984 0.039549 -0.875287  0.000000 0.000000 1 98 1.000000
  phy
0  3.214198 1.377791 38.179790  -0.342950 0.291133 0.893099  0.000000 0.000000 1 98 1.000000
0  4.862429 -2.672510 41.455887  -0.682454 0.730693 -0.018544  0.000000 0.000000 1 98 1.000000
0  5.109366 -1.716708 41.540752  -0.901190 0.231347 0.366518  0.000000 0.000000 1 98 1.000000
  phy
0  2.940372 -4.016850 38.610256  -0.535782 0.706446 -0.462462  0.000000 0.000000 1 98 1.000000
0  4.862429 -2.672510 41.455887  -0.682454 0.730693 -0.018544  0.000000 0.000000 1 98 1.000000
0  0.861242 -1.919946 35.787682  -0.351079 0.933049 -0.078512  0.000000 0.000000 1 98 1.000000
  phy
0  2.333771 1.322414 18.936010  -0.054012 0.445877 0.893463  0.000000 0.000000 1 99 1.000000
0  3.435659 0.839032 22.172991  -0.197222 0.031698 0.979846  0.000000 0.000000 1 99 1.000000
0  3.692056 1.473037 18.970049  -0.052448 -0.013189 0.998537  0.000000 0.000000 1 99 1.000000
  phy
0  2.445839 0.392239 22.297699  -0.504804 0.685692 0.524404  0.000000 0.000000 1 99 1.000000
0  3.435659 0.839032 22.172991  -0.197222 0.031698 0.979846  0.000000 0.000000 1 99 1.000000
0  2.333771 1.322414 18.936010  -0.054012 0.445877 0.893463  0.000000 0.000000 1 99 1.000000
  phy
0  2.333771 1.322414 18.936010  -0.054012 0.445877 0.893463  0.000000 0.000000 1 99 1.000000
0  2.461596 1.264074 16.061630  0.163321 0.635496 0.754633  0.000000 0.000000 1 99 1.000000
0  1.689158 0.472960 18.873068  0.013656 0.999821 0.013113  0.000000 0.000000 1 99 1.000000
  phy
0  2.445839 0.392239 22.297699  -0.504804 0.685692 0.524404  0.000000 0.000000 1 99 1.000000
0  2.333771 1.322414 18.936010  -0.054012 0.445877 0.893463  0.000000 0.000000 1 99 1.000000
0  1.689158 0.472960 18.873068  0.013656 0.999821 0.013113  0.000000 0.000000 1 99 1.000000
  phy
0  3.692056 1.473037 18.970049  -0.052448 -0.013189 0.998537  0.000000 0.000000 1 99 1.000000
0  3.664721 1.579880 16.085173  0.190699 0.055665 0.980069  0.000000 0.000000 1 99 1.000000
0  2.333771 1.322414 18.936010  -0.054012 0.445877 0.893463  0.000000 0.000000 1 99 1.000000
  phy
0  2.333771 1.322414 18.936010  -0.054012 0.445877 0.893463  0.000000 0.000000 1 99 1.000000
0  3.664721 1.579880 16.085173  0.190699 0.055665 0.980069  0.000000 0.000000 1 99 1.000000
0  2.461596 1.264074 16.061630  0.163321 0.635496 0.754633  0.000000 0.000000 1 99 1.000000
  phy
0  2.461596 1.264074 16.061630  0.163321 0.635496 0.754633  0.000000 0.000000 1 99 1.000000
0  3.664721 1.579880 16.085173  0.190699 0.055665 0.980069  0.000000 0.000000 1 99 1.000000
0  2.370844 -0.510787 5.589685  0.239580 0.592748 0.768929  0.000000 0.000000 1 99 1.000000
  phy
0  3.664721 1.579880 16.085173  0.190699 0.055665 0.980069  0.000000 0.000000 1 99 1.000000
0  4.076755 -0.169475 5.610980  0.270395 -0.171757 0.947305  0.000000 0.000000 1 99 1.000000
0  2.370844 -0.510787 5.589685  0.239580 0.592748 0.768929  0.000000 0.000000 1 99 1.000000
  phy
0  4.234737 -0.780325 5.574450  0.099866 -0.936468 -0.336235  0.000000 0.000000 1 99 1.000000
0  2.366940 -1.016069 5.575445  0.037675 0.798809 -0.600403  0.000000 0.000000 1 99 1.000000
0  2.370844 -0.510787 5.589685  0.239580 0.592748 0.768929  0.000000 0.000000 1 99 1.000000
  phy
0  2.370844 -0.510787 5.589685  0.239580 0.592748 0.768929  0.000000 0.000000 1 99 1.000000
0  4.076755 -0.169475 5.610980  0.270395 -0.171757 0.947305  0.000000 0.000000 1 99 1.000000
0  4.234737 -0.780325 5.574450  0.099866 -0.936468 -0.336235  0.000000 0.000000 1 99 1.000000
  phy
0  2.461596 1.264074 16.061630  0.163321 0.635496 0.754633  0.000000 0.000000 1 99 1.000000
0  2.370844 -0.510787 5.589685  0.239580 0.592748 0.768929  0.000000 0.000000 1 99 1.000000
0  1.689158 0.472960 18.873068  0.013656 0.999821 0.013113  0.000000 0.000000 1 99 1.000000
  phy
0  2.370844 -0.510787 5.589685  0.239580 0.592748 0.768929  0.000000 0.000000 1 99 1.000000
0  2.366940 -1.016069 5.575445  0.037675 0.798809 -0.600403  0.000000 0.000000 1 99 1.000000
0  1.689158 0.472960 18.873068  0.013656 0.999821 0.013113  0.000000 0.000000 1 99 1.000000
  phy
0  4.983185 -0.539434 22.365541  -0.199710 -0.979180 0.036379  0.000000 0.000000 1 99 1.000000
0  5.282457 -0.191479 17.786301  0.030433 -0.968381 -0.247611  0.000000 0.000000 1 99 1.000000
0  5.363362 0.298202 18.860132  -0.021008 -0.998039 0.058965  0.000000 0.000000 1 99 1.000000
  phy
0  5.363362 0.298202 18.860132  -0.021008 -0.998039 0.058965  0.000000 0.000000 1 99 1.000000
0  5.236316 1.154355 18.923494  -0.091527 -0.522223 0.847883  0.000000 0.000000 1 99 1.000000
0  4.983185 -0.539434 22.365541  -0.199710 -0.979180 0.036379  0.000000 0.000000 1 99 1.000000
  phy
0  5.363362 0.298202 18.860132  -0.021008 -0.998039 0.058965  0.000000 0.000000 1 99 1.000000
0  5.282457 -0.191479 17.786301  0.030433 -0.968381 -0.247611  0.000000 0.000000 1 99 1.000000
0  5.130487 1.079472 16.013350  0.164789 -0.812836 0.558697  0.000000 0.000000 1 99 1.000000
  phy
0  5.130487 1.079472 16.013350  0.164789 -0.812836 0.558697  0.000000 0.000000 1 99 1.000000
0  5.236316 1.154355 18.923494  -0.091527 -0.522223 0.847883  0.000000 0.000000 1 99 1.000000
0  5.363362 0.298202 18.860132  -0.021008 -0.998039 0.058965  0.000000 0.000000 1 99 1.000000
  phy
0  2.162909 -2.237025 22.803457  -0.205902 0.894453 -0.396937  0.000000 0.000000 1 99 1.000000
0  3.137945 -2.781065 22.672461  -0.009557 0.181650 -0.983317  0.000000 0.000000 1 99 1.000000
0  4.426473 -2.562009 22.847303  -0.104067 -0.765663 -0.634767  0.000000 0.000000 1 99 1.000000
  phy
0  3.137945 -2.781065 22.672461  -0.009557 0.181650 -0.983317  0.000000 0.000000 1 99 1.000000
0  3.486761 -1.480175 5.577446  0.036691 -0.191705 -0.980767  0.000000 0.000000 1 99 1.000000
0  4.426473 -2.562009 22.847303  -0.104067 -0.765663 -0.634767  0.000000 0.000000 1 99 1.000000
  phy
0  3.137945 -2.781065 22.672461  -0.009557 0.181650 -0.983317  0.000000 0.000000 1 99 1.000000
0  2.162909 -2.237025 22.803457  -0.205902 0.894453 -0.396937  0.000000 0.000000 1 99 1.000000
0  2.366940 -1.016069 5.575445  0.037675 0.798809 -0.600403  0.000000 0.000000 1 99 1.000000
  phy
0  3.486761 -1.480175 5.577446  0.036691 -0.191705 -0.980767  0.000000 0.000000 1 99 1.000000
0  3.137945 -2.781065 22.672461  -0.009557 0.181650 -0.983317  0.000000 0.000000 1 99 1.000000
0  2.366940 -1.016069 5.575445  0.037675 0.798809 -0.600403  0.000000 0.000000 1 99 1.000000
  phy
0  2.073204 -0.230146 21.414167  -0.210256 0.970638 0.116853  0.000000 0.000000 1 99 1.000000
0  2.162909 -2.237025 22.803457  -0.205902 0.894453 -0.396937  0.000000 0.000000 1 99 1.000000
0  2.445839 0.392239 22.297699  -0.504804 0.685692 0.524404  0.000000 0.000000 1 99 1.000000
  phy
0  2.162909 -2.237025 22.803457  -0.205902 0.894453 -0.396937  0.000000 0.000000 1 99 1.000000
0  2.073204 -0.230146 21.414167  -0.210256 0.970638 0.116853  0.000000 0.000000 1 99 1.000000
0  1.689158 0.472960 18.873068  0.013656 0.999821 0.013113  0.000000 0.000000 1 99 1.000000
  phy
0  2.073204 -0.230146 21.414167  -0.210256 0.970638 0.116853  0.000000 0.000000 1 99 1.000000
0  2.445839 0.392239 22.297699  -0.504804 0.685692 0.524404  0.000000 0.000000 1 99 1.000000
0  1.689158 0.472960 18.873068  0.013656 0.999821 0.013113  0.000000 0.000000 1 99 1.000000
  phy
0  3.486761 -1.480175 5.577446  0.036691 -0.191705 -0.980767  0.000000 0.000000 1 99 1.000000
0  4.234737 -0.780325 5.574450  0.099866 -0.936468 -0.336235  0.000000 0.000000 1 99 1.000000
0  4.426473 -2.562009 22.847303  -0.104067 -0.765663 -0.634767  0.000000 0.000000 1 99 1.000000
  phy
0  5.282457 -0.191479 17.786301  0.030433 -0.968381 -0.247611  0.000000 0.000000 1 99 1.000000
0  4.426473 -2.562009 22.847303  -0.104067 -0.765663 -0.634767  0.000000 0.000000 1 99 1.000000
0  4.234737 -0.780325 5.574450  0.099866 -0.936468 -0.336235  0.000000 0.000000 1 99 1.000000
  phy
0  5.130487 1.079472 16.013350  0.164789 -0.812836 0.558697  0.000000 0.000000 1 99 1.000000
0  5.282457 -0.191479 17.786301  0.030433 -0.968381 -0.247611  0.000000 0.000000 1 99 1.000000
0  4.234737 -0.780325 5.574450  0.099866 -0.936468 -0.336235  0.000000 0.000000 1 99 1.000000
  phy
0  4.234737 -0.780325 5.574450  0.099866 -0.936468 -0.336235  0.000000 0.000000 1 99 1.000000
0  4.076755 -0.169475 5.610980  0.270395 -0.171757 0.947305  0.000000 0.000000 1 99 1.000000
0  5.130487 1.079472 16.013350  0.164789 -0.812836 0.558697  0.000000 0.000000 1 99 1.000000
  phy
0  3.486761 -1.480175 5.577446  0.036691 -0.191705 -0.980767  0.000000 0.000000 1 99 1.000000
0  2.366940 -1.016069 5.575445  0.037675 0.798809 -0.600403  0.000000 0.000000 1 99 1.000000
0  4.234737 -0.780325 5.574450  0.099866 -0.936468 -0.336235  0.000000 0.000000 1 99 1.000000
  phy
0  3.692056 1.473037 18.970049  -0.052448 -0.013189 0.998537  0.000000 0.000000 1 99 1.000000
0  5.236316 1.154355 18.923494  -0.091527 -0.522223 0.847883  0.000000 0.000000 1 99 1.000000
0  3.664721 1.579880 16.085173  0.190699 0.055665 0.980069  0.000000 0.000000 1 99 1.000000
  phy
0  3.435659 0.839032 22.172991  -0.197222 0.031698 0.979846  0.000000 0.000000 1 99 1.000000
0  5.236316 1.154355 18.923494  -0.091527 -0.522223 0.847883  0.000000 0.000000 1 99 1.000000
0  3.692056 1.473037 18.970049  -0.052448 -0.013189 0.998537  0.000000 0.000000 1 99 1.000000
  phy
0  3.664721 1.579880 16.085173  0.190699 0.055665 0.980069  0.000000 0.000000 1 99 1.000000
0  5.236316 1.154355 18.923494  -0.091527 -0.522223 0.847883  0.000000 0.000000 1 99 1.000000
0  5.130487 1.079472 16.013350  0.164789 -0.812836 0.558697  0.000000 0.000000 1 99 1.000000
  phy
0  5.130487 1.079472 16.013350  0.164789 -0.812836 0.558697  0.000000 0.000000 1 99 1.000000
0  4.076755 -0.169475 5.610980  0.270395 -0.171757 0.947305  0.000000 0.000000 1 99 1.000000
0  3.664721 1.579880 16.085173  0.190699 0.055665 0.980069  0.000000 0.000000 1 99 1.000000
  phy
0  4.983185 -0.539434 22.365541  -0.199710 -0.979180 0.036379  0.000000 0.000000 1 99 1.000000
0  5.236316 1.154355 18.923494  -0.091527 -0.522223 0.847883  0.000000 0.000000 1 99 1.000000
0  4.321481 0.378974 22.829515  -0.835984 -0.234285 0.496227  0.000000 0.000000 1 99 1.000000
  phy
0  4.983185 -0.539434 22.365541  -0.199710 -0.979180 0.036379  0.000000 0.000000 1 99 1.000000
0  4.321481 0.378974 22.829515  -0.835984 -0.234285 0.496227  0.000000 0.000000 1 99 1.000000
0  4.426473 -2.562009 22.847303  -0.104067 -0.765663 -0.634767  0.000000 0.000000 1 99 1.000000
  phy
0  4.983185 -0.539434 22.365541  -0.199710 -0.979180 0.036379  0.000000 0.000000 1 99 1.000000
0  4.426473 -2.562009 22.847303  -0.104067 -0.765663 -0.634767  0.000000 0.000000 1 99 1.000000
0  5.282457 -0.191479 17.786301  0.030433 -0.968381 -0.247611  0.000000 0.000000 1 99 1.000000
  phy
0  2.162909 -2.237025 22.803457  -0.205902 0.894453 -0.396937  0.000000 0.000000 1 99 1.000000
0  4.321481 0.378974 22.829515  -0.835984 -0.234285 0.496227  0.000000 0.000000 1 99 1.000000
0  2.445839 0.392239 22.297699  -0.504804 0.685692 0.524404  0.000000 0.000000 1 99 1.000000
  phy
0  4.321481 0.378974 22.829515  -0.835984 -0.234285 0.496227  0.000000 0.000000 1 99 1.000000
0  2.162909 -2.237025 22.803457  -0.205902 0.894453 -0.396937  0.000000 0.000000 1 99 1.000000
0  4.426473 -2.562009 22.847303  -0.104067 -0.765663 -0.634767  0.000000 0.000000 1 99 1.000000
  phy
0  2.366940 -1.016069 5.575445  0.037675 0.798809 -0.600403  0.000000 0.000000 1 99 1.000000
0  2.162909 -2.237025 22.803457  -0.205902 0.894453 -0.396937  0.000000 0.000000 1 99 1.000000
0  1.689158 0.472960 18.873068  0.013656 0.999821 0.013113  0.000000 0.000000 1 99 1.000000
  phy
0  4.321481 0.378974 22.829515  -0.835984 -0.234285 0.496227  0.000000 0.000000 1 99 1.000000
0  3.435659 0.839032 22.172991  -0.197222 0.031698 0.979846  0.000000 0.000000 1 99 1.000000
0  2.445839 0.392239 22.297699  -0.504804 0.685692 0.524404  0.000000 0.000000 1 99 1.000000
  phy
0  4.321481 0.378974 22.829515  -0.835984 -0.234285 0.496227  0.000000 0.000000 1 99 1.000000
0  5.236316 1.154355 18.923494  -0.091527 -0.522223 0.847883  0.000000 0.000000 1 99 1.000000
0  3.435659 0.839032 22.172991  -0.197222 0.031698 0.979846  0.000000 0.000000 1 99 1.000000
  phy
0  1.966596 -7.277812 1.190229  0.125370 0.652054 -0.747736  0.000000 0.000000 1 100 1.000000
0  2.221457 0.535607 3.038978  -0.344361 0.923614 0.168383  0.000000 0.000000 1 100 1.000000
0  1.932575 -7.632219 0.067546  0.471345 0.628750 0.618471  0.000000 0.000000 1 100 1.000000
  phy
0  2.221457 0.535607 3.038978  -0.344361 0.923614 0.168383  0.000000 0.000000 1 100 1.000000
0  1.966596 -7.277812 1.190229  0.125370 0.652054 -0.747736  0.000000 0.000000 1 100 1.000000
0  2.421159 0.341748 5.189930  -0.276740 0.909366 -0.310593  0.000000 0.000000 1 100 1.000000
  phy
0  1.966596 -7.277812 1.190229  0.125370 0.652054 -0.747736  0.000000 0.000000 1 100 1.000000
0  4.882922 -6.502555 1.249001  0.217075 -0.671470 -0.708525  0.000000 0.000000 1 100 1.000000
0  4.335604 -2.812833 5.046655  0.057590 -0.333249 -0.941078  0.000000 0.000000 1 100 1.000000
  phy
0  2.411501 -2.812821 5.046661  -0.149465 0.366488 -0.918339  0.000000 0.000000 1 100 1.000000
0  1.966596 -7.277812 1.190229  0.125370 0.652054 -0.747736  0.000000 0.000000 1 100 1.000000
0  4.335604 -2.812833 5.046655  0.057590 -0.333249 -0.941078  0.000000 0.000000 1 100 1.000000
  phy
0  1.966596 -7.277812 1.190229  0.125370 0.652054 -0.747736  0.000000 0.000000 1 100 1.000000
0  2.411501 -2.812821 5.046661  -0.149465 0.366488 -0.918339  0.000000 0.000000 1 100 1.000000
0  2.421159 0.341748 5.189930  -0.276740 0.909366 -0.310593  0.000000 0.000000 1 100 1.000000
  phy
0  4.882922 -6.502555 1.249001  0.217075 -0.671470 -0.708525  0.000000 0.000000 1 100 1.000000
0  1.966596 -7.277812 1.190229  0.125370 0.652054 -0.747736  0.000000 0.000000 1 100 1.000000
0  1.932575 -7.632219 0.067546  0.471345 0.628750 0.618471  0.000000 0.000000 1 100 1.000000
  phy
0  4.214837 0.341795 5.189943  -0.444441 -0.875579 -0.189297  0.000000 0.000000 1 100 1.000000
0  4.335604 -2.812833 5.046655  0.057590 -0.333249 -0.941078  0.000000 0.000000 1 100 1.000000
0  4.882922 -6.502555 1.249001  0.217075 -0.671470 -0.708525  0.000000 0.000000 1 100 1.000000
  phy
0  4.882922 -6.502555 1.249001  0.217075 -0.671470 -0.708525  0.000000 0.000000 1 100 1.000000
0  5.006317 -6.804520 0.067534  0.191411 -0.844204 0.500680  0.000000 0.000000 1 100 1.000000
0  4.214837 0.341795 5.189943  -0.444441 -0.875579 -0.189297  0.000000 0.000000 1 100 1.000000
  phy
0  4.214837 0.341795 5.189943  -0.444441 -0.875579 -0.189297  0.000000 0.000000 1 100 1.000000
0  5.006317 -6.804520 0.067534  0.191411 -0.844204 0.500680  0.000000 0.000000 1 100 1.000000
0  4.135304 0.535595 3.038974  -0.316086 -0.889802 0.329155  0.000000 0.000000 1 100 1.000000
  phy
0  4.214837 0.341795 5.189943  -0.444441 -0.875579 -0.189297  0.000000 0.000000 1 100 1.000000
0  2.411501 -2.812821 5.046661  -0.149465 0.366488 -0.918339  0.000000 0.000000 1 100 1.000000
0  4.335604 -2.812833 5.046655  0.057590 -0.333249 -0.941078  0.000000 0.000000 1 100 1.000000
  phy
0  2.411501 -2.812821 5.046661  -0.149465 0.366488 -0.918339  0.000000 0.000000 1 100 1.000000
0  4.214837 0.341795 5.189943  -0.444441 -0.875579 -0.189297  0.000000 0.000000 1 100 1.000000
0  2.421159 0.341748 5.189930  -0.276740 0.909366 -0.310593  0.000000 0.000000 1 100 1.000000
  phy
0  2.221457 0.535607 3.038978  -0.344361 0.923614 0.168383  0.000000 0.000000 1 100 1.000000
0  4.214837 0.341795 5.189943  -0.444441 -0.875579 -0.189297  0.000000 0.000000 1 100 1.000000
0  4.135304 0.535595 3.038974  -0.316086 -0.889802 0.329155  0.000000 0.000000 1 100 1.000000
  phy
0  4.214837 0.341795 5.189943  -0.444441 -0.875579 -0.189297  0.000000 0.000000 1 100 1.000000
0  2.221457 0.535607 3.038978  -0.344361 0.923614 0.168383  0.000000 0.000000 1 100 1.000000
0  2.421159 0.341748 5.189930  -0.276740 0.909366 -0.310593  0.000000 0.000000 1 100 1.000000
  phy
0  5.006317 -6.804520 0.067534  0.191411 -0.844204 0.500680  0.000000 0.000000 1 100 1.000000
0  4.882922 -6.502555 1.249001  0.217075 -0.671470 -0.708525  0.000000 0.000000 1 100 1.000000
0  1.932575 -7.632219 0.067546  0.471345 0.628750 0.618471  0.000000 0.000000 1 100 1.000000
  phy
0  3.797985 0.339577 0.048261  0.195353 -0.450388 0.871199  0.000000 0.000000 1 100 1.000000
0  2.221457 0.535607 3.038978  -0.344361 0.923614 0.168383  0.000000 0.000000 1 100 1.000000
0  4.135304 0.535595 3.038974  -0.316086 -0.889802 0.329155  0.000000 0.000000 1 100 1.000000
  phy
0  2.221457 0.535607 3.038978  -0.344361 0.923614 0.168383  0.000000 0.000000 1 100 1.000000
0  3.797985 0.339577 0.048261  0.195353 -0.450388 0.871199  0.000000 0.000000 1 100 1.000000
0  2.563096 0.339585 0.048267  0.089166 0.850319 0.518659  0.000000 0.000000 1 100 1.000000
  phy
0  3.797985 0.339577 0.048261  0.195353 -0.450388 0.871199  0.000000 0.000000 1 100 1.000000
0  1.932575 -7.632219 0.067546  0.471345 0.628750 0.618471  0.000000 0.000000 1 100 1.000000
0  2.563096 0.339585 0.048267  0.089166 0.850319 0.518659  0.000000 0.000000 1 100 1.000000
  phy
0  5.006317 -6.804520 0.067534  0.191411 -0.844204 0.500680  0.000000 0.000000 1 100 1.000000
0  1.932575 -7.632219 0.067546  0.471345 0.628750 0.618471  0.000000 0.000000 1 100 1.000000
0  3.797985 0.339577 0.048261  0.195353 -0.450388 0.871199  0.000000 0.000000 1 100 1.000000
  phy
0  4.135304 0.535595 3.038974  -0.316086 -0.889802 0.329155  0.000000 0.000000 1 100 1.000000
0  5.006317 -6.804520 0.067534  0.191411 -0.844204 0.500680  0.000000 0.000000 1 100 1.000000
0  3.797985 0.339577 0.048261  0.195353 -0.450388 0.871199  0.000000 0.000000 1 100 1.000000
  phy
0  2.221457 0.535607 3.038978  -0.344361 0.923614 0.168383  0.000000 0.000000 1 100 1.000000
0  2.563096 0.339585 0.048267  0.089166 0.850319 0.518659  0.000000 0.000000 1 100 1.000000
0  1.932575 -7.632219 0.067546  0.471345 0.628750 0.618471  0.000000 0.000000 1 100 1.000000
  phy
0  3.507909 -2.162884 46.650223  0.138442 -0.979630 0.145461  0.000000 0.000000 1 2 1.000000
0  3.361278 0.164072 42.882946  -0.042927 -0.838853 -0.542663  0.000000 0.000000 1 2 1.000000
0  3.153394 -1.070119 46.784981  0.826181 -0.368421 -0.426252  0.000000 0.000000 1 2 1.000000
  phy
0  3.222796 -3.293339 42.756260  -0.310301 -0.892632 0.326989  0.000000 0.000000 1 2 1.000000
0  3.361278 0.164072 42.882946  -0.042927 -0.838853 -0.542663  0.000000 0.000000 1 2 1.000000
0  3.507909 -2.162884 46.650223  0.138442 -0.979630 0.145461  0.000000 0.000000 1 2 1.000000
  phy
0  3.507909 -2.162884 46.650223  0.138442 -0.979630 0.145461  0.000000 0.000000 1 2 1.000000
0  3.153394 -1.070119 46.784981  0.826181 -0.368421 -0.426252  0.000000 0.000000 1 2 1.000000
0  1.360860 -4.539824 47.111084  0.275072 -0.636819 0.720276  0.000000 0.000000 1 2 1.000000
  phy
0  1.360860 -4.539824 47.111084  0.275072 -0.636819 0.720276  0.000000 0.000000 1 2 1.000000
0  3.222796 -3.293339 42.756260  -0.310301 -0.892632 0.326989  0.000000 0.000000 1 2 1.000000
0  3.507909 -2.162884 46.650223  0.138442 -0.979630 0.145461  0.000000 0.000000 1 2 1.000000
  phy
0  1.360860 -4.539824 47.111084  0.275072 -0.636819 0.720276  0.000000 0.000000 1 2 1.000000
0  1.128382 -4.321720 42.594719  -0.744578 -0.135787 0.653579  0.000000 0.000000 1 2 1.000000
0  2.184282 -3.988987 42.619965  -0.867125 -0.299800 0.397762  0.000000 0.000000 1 2 1.000000
  phy
0  1.360860 -4.539824 47.111084  0.275072 -0.636819 0.720276  0.000000 0.000000 1 2 1.000000
0  0.003178 -4.697705 47.174625  0.905516 -0.028042 0.423385  0.000000 0.000000 1 2 1.000000
0  1.128382 -4.321720 42.594719  -0.744578 -0.135787 0.653579  0.000000 0.000000 1 2 1.000000
  phy
0  2.184282 -3.988987 42.619965  -0.867125 -0.299800 0.397762  0.000000 0.000000 1 2 1.000000
0  3.222796 -3.293339 42.756260  -0.310301 -0.892632 0.326989  0.000000 0.000000 1 2 1.000000
0  1.360860 -4.539824 47.111084  0.275072 -0.636819 0.720276  0.000000 0.000000 1 2 1.000000
  phy
0  3.153394 -1.070119 46.784981  0.826181 -0.368421 -0.426252  0.000000 0.000000 1 2 1.000000
0  0.003178 -4.697705 47.174625  0.905516 -0.028042 0.423385  0.000000 0.000000 1 2 1.000000
0  1.360860 -4.539824 47.111084  0.275072 -0.636819 0.720276  0.000000 0.000000 1 2 1.000000
  phy
0  1.243644 0.168262 46.711277  0.648969 -0.103855 -0.753693  0.000000 0.000000 1 2 1.000000
0  -0.330466 1.286008 42.578640  -0.806697 0.079776 -0.585556  0.000000 0.000000 1 2 1.000000
0  -1.237222 0.168273 46.711296  0.669928 0.279983 -0.687609  0.000000 0.000000 1 2 1.000000
  phy
0  -0.330466 1.286008 42.578640  -0.806697 0.079776 -0.585556  0.000000 0.000000 1 2 1.000000
0  1.243644 0.168262 46.711277  0.648969 -0.103855 -0.753693  0.000000 0.000000 1 2 1.000000
0  0.337642 1.286004 42.578640  -0.864104 -0.068229 -0.498668  0.000000 0.000000 1 2 1.000000
  phy
0  1.243644 0.168262 46.711277  0.648969 -0.103855 -0.753693  0.000000 0.000000 1 2 1.000000
0  3.153394 -1.070119 46.784981  0.826181 -0.368421 -0.426252  0.000000 0.000000 1 2 1.000000
0  3.361278 0.164072 42.882946  -0.042927 -0.838853 -0.542663  0.000000 0.000000 1 2 1.000000
  phy
0  1.756801 0.963464 42.663624  -0.709525 -0.292229 -0.641230  0.000000 0.000000 1 2 1.000000
0  1.243644 0.168262 46.711277  0.648969 -0.103855 -0.753693  0.000000 0.000000 1 2 1.000000
0  3.361278 0.164072 42.882946  -0.042927 -0.838853 -0.542663  0.000000 0.000000 1 2 1.000000
  phy
0  1.243644 0.168262 46.711277  0.648969 -0.103855 -0.753693  0.000000 0.000000 1 2 1.000000
0  1.756801 0.963464 42.663624  -0.709525 -0.292229 -0.641230  0.000000 0.000000 1 2 1.000000
0  0.337642 1.286004 42.578640  -0.864104 -0.068229 -0.498668  0.000000 0.000000 1 2 1.000000
  phy
0  1.243644 0.168262 46.711277  0.648969 -0.103855 -0.753693  0.000000 0.000000 1 2 1.000000
0  0.003178 -4.697705 47.174625  0.905516 -0.028042 0.423385  0.000000 0.000000 1 2 1.000000
0  3.153394 -1.070119 46.784981  0.826181 -0.368421 -0.426252  0.000000 0.000000 1 2 1.000000
  phy
0  -1.237222 0.168273 46.711296  0.669928 0.279983 -0.687609  0.000000 0.000000 1 2 1.000000
0  0.003178 -4.697705 47.174625  0.905516 -0.028042 0.423385  0.000000 0.000000 1 2 1.000000
0  1.243644 0.168262 46.711277  0.648969 -0.103855 -0.753693  0.000000 0.000000 1 2 1.000000
  phy
0  1.756801 0.963464 42.663624  -0.709525 -0.292229 -0.641230  0.000000 0.000000 1 2 1.000000
0  2.184282 -3.988987 42.619965  -0.867125 -0.299800 0.397762  0.000000 0.000000 1 2 1.000000
0  0.337642 1.286004 42.578640  -0.864104 -0.068229 -0.498668  0.000000 0.000000 1 2 1.000000
  phy
0  2.184282 -3.988987 42.619965  -0.867125 -0.299800 0.397762  0.000000 0.000000 1 2 1.000000
0  1.128382 -4.321720 42.594719  -0.744578 -0.135787 0.653579  0.000000 0.000000 1 2 1.000000
0  0.337642 1.286004 42.578640  -0.864104 -0.068229 -0.498668  0.000000 0.000000 1 2 1.000000
  phy
0  2.184282 -3.988987 42.619965  -0.867125 -0.299800 0.397762  0.000000 0.000000 1 2 1.000000
0  1.756801 0.963464 42.663624  -0.709525 -0.292229 -0.641230  0.000000 0.000000 1 2 1.000000
0  3.222796 -3.293339 42.756260  -0.310301 -0.892632 0.326989  0.000000 0.000000 1 2 1.000000
  phy
0  -3.215664 -3.293311 42.756306  -0.306700 0.809023 0.501416  0.000000 0.000000 1 2 1.000000
0  -1.354501 -4.539811 47.111099  0.278583 0.494794 0.823147  0.000000 0.000000 1 2 1.000000
0  -3.501538 -2.162854 46.650276  0.154648 0.933768 0.322740  0.000000 0.000000 1 2 1.000000
  phy
0  -3.215664 -3.293311 42.756306  -0.306700 0.809023 0.501416  0.000000 0.000000 1 2 1.000000
0  -2.177154 -3.988966 42.619999  -0.857701 0.214197 0.467407  0.000000 0.000000 1 2 1.000000
0  -1.354501 -4.539811 47.111099  0.278583 0.494794 0.823147  0.000000 0.000000 1 2 1.000000
  phy
0  -3.215664 -3.293311 42.756306  -0.306700 0.809023 0.501416  0.000000 0.000000 1 2 1.000000
0  -1.749182 0.962776 42.667202  -0.715645 0.426280 -0.553297  0.000000 0.000000 1 2 1.000000
0  -2.177154 -3.988966 42.619999  -0.857701 0.214197 0.467407  0.000000 0.000000 1 2 1.000000
  phy
0  -1.749182 0.962776 42.667202  -0.715645 0.426280 -0.553297  0.000000 0.000000 1 2 1.000000
0  -3.215664 -3.293311 42.756306  -0.306700 0.809023 0.501416  0.000000 0.000000 1 2 1.000000
0  -3.354106 0.164101 42.882988  -0.032951 0.922717 -0.384066  0.000000 0.000000 1 2 1.000000
  phy
0  -3.215664 -3.293311 42.756306  -0.306700 0.809023 0.501416  0.000000 0.000000 1 2 1.000000
0  -3.501538 -2.162854 46.650276  0.154648 0.933768 0.322740  0.000000 0.000000 1 2 1.000000
0  -3.354106 0.164101 42.882988  -0.032951 0.922717 -0.384066  0.000000 0.000000 1 2 1.000000
  phy
0  -3.147000 -1.070086 46.785027  0.827834 0.434674 -0.354612  0.000000 0.000000 1 2 1.000000
0  -3.501538 -2.162854 46.650276  0.154648 0.933768 0.322740  0.000000 0.000000 1 2 1.000000
0  -1.354501 -4.539811 47.111099  0.278583 0.494794 0.823147  0.000000 0.000000 1 2 1.000000
  phy
0  -1.354501 -4.539811 47.111099  0.278583 0.494794 0.823147  0.000000 0.000000 1 2 1.000000
0  0.003178 -4.697705 47.174625  0.905516 -0.028042 0.423385  0.000000 0.000000 1 2 1.000000
0  -3.147000 -1.070086 46.785027  0.827834 0.434674 -0.354612  0.000000 0.000000 1 2 1.000000
  phy
0  -1.354501 -4.539811 47.111099  0.278583 0.494794 0.823147  0.000000 0.000000 1 2 1.000000
0  -2.177154 -3.988966 42.619999  -0.857701 0.214197 0.467407  0.000000 0.000000 1 2 1.000000
0  -1.121263 -4.321710 42.594738  -0.684864 0.007391 0.728633  0.000000 0.000000 1 2 1.000000
  phy
0  -1.121263 -4.321710 42.594738  -0.684864 0.007391 0.728633  0.000000 0.000000 1 2 1.000000
0  0.003178 -4.697705 47.174625  0.905516 -0.028042 0.423385  0.000000 0.000000 1 2 1.000000
0  -1.354501 -4.539811 47.111099  0.278583 0.494794 0.823147  0.000000 0.000000 1 2 1.000000
  phy
0  -3.147000 -1.070086 46.785027  0.827834 0.434674 -0.354612  0.000000 0.000000 1 2 1.000000
0  0.003178 -4.697705 47.174625  0.905516 -0.028042 0.423385  0.000000 0.000000 1 2 1.000000
0  -1.237222 0.168273 46.711296  0.669928 0.279983 -0.687609  0.000000 0.000000 1 2 1.000000
  phy
0  -3.501538 -2.162854 46.650276  0.154648 0.933768 0.322740  0.000000 0.000000 1 2 1.000000
0  -3.147000 -1.070086 46.785027  0.827834 0.434674 -0.354612  0.000000 0.000000 1 2 1.000000
0  -3.354106 0.164101 42.882988  -0.032951 0.922717 -0.384066  0.000000 0.000000 1 2 1.000000
  phy
0  -3.147000 -1.070086 46.785027  0.827834 0.434674 -0.354612  0.000000 0.000000 1 2 1.000000
0  -1.237222 0.168273 46.711296  0.669928 0.279983 -0.687609  0.000000 0.000000 1 2 1.000000
0  -3.354106 0.164101 42.882988  -0.032951 0.922717 -0.384066  0.000000 0.000000 1 2 1.000000
  phy
0  -1.121263 -4.321710 42.594738  -0.684864 0.007391 0.728633  0.000000 0.000000 1 2 1.000000
0  -0.330466 1.286008 42.578640  -0.806697 0.079776 -0.585556  0.000000 0.000000 1 2 1.000000
0  1.128382 -4.321720 42.594719  -0.744578 -0.135787 0.653579  0.000000 0.000000 1 2 1.000000
  phy
0  1.128382 -4.321720 42.594719  -0.744578 -0.135787 0.653579  0.000000 0.000000 1 2 1.000000
0  -0.330466 1.286008 42.578640  -0.806697 0.079776 -0.585556  0.000000 0.000000 1 2 1.000000
0  0.337642 1.286004 42.578640  -0.864104 -0.068229 -0.498668  0.000000 0.000000 1 2 1.000000
  phy
0  -0.330466 1.286008 42.578640  -0.806697 0.079776 -0.585556  0.000000 0.000000 1 2 1.000000
0  -1.003303 1.199886 42.619896  -0.674297 0.293344 -0.677697  0.000000 0.000000 1 2 1.000000
0  -1.237222 0.168273 46.711296  0.669928 0.279983 -0.687609  0.000000 0.000000 1 2 1.000000
  phy
0  -0.330466 1.286008 42.578640  -0.806697 0.079776 -0.585556  0.000000 0.000000 1 2 1.000000
0  -1.121263 -4.321710 42.594738  -0.684864 0.007391 0.728633  0.000000 0.000000 1 2 1.000000
0  -2.177154 -3.988966 42.619999  -0.857701 0.214197 0.467407  0.000000 0.000000 1 2 1.000000
  phy
0  -1.003303 1.199886 42.619896  -0.674297 0.293344 -0.677697  0.000000 0.000000 1 2 1.000000
0  -0.330466 1.286008 42.578640  -0.806697 0.079776 -0.585556  0.000000 0.000000 1 2 1.000000
0  -2.177154 -3.988966 42.619999  -0.857701 0.214197 0.467407  0.000000 0.000000 1 2 1.000000
  phy
0  -1.749182 0.962776 42.667202  -0.715645 0.426280 -0.553297  0.000000 0.000000 1 2 1.000000
0  -1.003303 1.199886 42.619896  -0.674297 0.293344 -0.677697  0.000000 0.000000 1 2 1.000000
0  -2.177154 -3.988966 42.619999  -0.857701 0.214197 0.467407  0.000000 0.000000 1 2 1.000000
  phy
0  -1.003303 1.199886 42.619896  -0.674297 0.293344 -0.677697  0.000000 0.000000 1 2 1.000000
0  -1.749182 0.962776 42.667202  -0.715645 0.426280 -0.553297  0.000000 0.000000 1 2 1.000000
0  -1.237222 0.168273 46.711296  0.669928 0.279983 -0.687609  0.000000 0.000000 1 2 1.000000
  phy
0  -1.237222 0.168273 46.711296  0.669928 0.279983 -0.687609  0.000000 0.000000 1 2 1.000000
0  -1.749182 0.962776 42.667202  -0.715645 0.426280 -0.553297  0.000000 0.000000 1 2 1.000000
0  -3.354106 0.164101 42.882988  -0.032951 0.922717 -0.384066  0.000000 0.000000 1 2 1.000000
  phy
0  1.128382 -4.321720 42.594719  -0.744578 -0.135787 0.653579  0.000000 0.000000 1 2 1.000000
0  0.003178 -4.697705 47.174625  0.905516 -0.028042 0.423385  0.000000 0.000000 1 2 1.000000
0  -1.121263 -4.321710 42.594738  -0.684864 0.007391 0.728633  0.000000 0.000000 1 2 1.000000
  phy
0  3.222796 -3.293339 42.756260  -0.310301 -0.892632 0.326989  0.000000 0.000000 1 2 1.000000
0  1.756801 0.963464 42.663624  -0.709525 -0.292229 -0.641230  0.000000 0.000000 1 2 1.000000
0  3.361278 0.164072 42.882946  -0.042927 -0.838853 -0.542663  0.000000 0.000000 1 2 1.000000
  phy
0  -3.694825 -4.064953 50.216709  -0.037075 0.846373 0.531299  0.000000 0.000000 1 4 1.000000
0  -2.890345 -4.942095 47.865696  -0.112656 0.601748 0.790701  0.000000 0.000000 1 4 1.000000
0  -2.864177 -5.147874 50.177635  0.140017 0.627691 0.765767  0.000000 0.000000 1 4 1.000000
  phy
0  -2.890345 -4.942095 47.865696  -0.112656 0.601748 0.790701  0.000000 0.000000 1 4 1.000000
0  -3.694825 -4.064953 50.216709  -0.037075 0.846373 0.531299  0.000000 0.000000 1 4 1.000000
0  -3.646334 -3.635413 46.335819  -0.196061 0.911220 0.362268  0.000000 0.000000 1 4 1.000000
  phy
0  -2.890345 -4.942095 47.865696  -0.112656 0.601748 0.790701  0.000000 0.000000 1 4 1.000000
0  -3.646334 -3.635413 46.335819  -0.196061 0.911220 0.362268  0.000000 0.000000 1 4 1.000000
0  -3.091735 -3.913542 45.820263  -0.933919 0.111377 0.339692  0.000000 0.000000 1 4 1.000000
  phy
0  -3.091735 -3.913542 45.820263  -0.933919 0.111377 0.339692  0.000000 0.000000 1 4 1.000000
0  -2.276124 -4.725092 46.825584  -0.368228 0.209000 0.905940  0.000000 0.000000 1 4 1.000000
0  -2.890345 -4.942095 47.865696  -0.112656 0.601748 0.790701  0.000000 0.000000 1 4 1.000000
  phy
0  -2.018121 -5.500370 49.990364  0.092075 0.083689 0.992229  0.000000 0.000000 1 4 1.000000
0  -2.864177 -5.147874 50.177635  0.140017 0.627691 0.765767  0.000000 0.000000 1 4 1.000000
0  -2.890345 -4.942095 47.865696  -0.112656 0.601748 0.790701  0.000000 0.000000 1 4 1.000000
  phy
0  -2.276124 -4.725092 46.825584  -0.368228 0.209000 0.905940  0.000000 0.000000 1 4 1.000000
0  -1.553003 -5.207196 47.849789  -0.132105 0.006543 0.991214  0.000000 0.000000 1 4 1.000000
0  -2.890345 -4.942095 47.865696  -0.112656 0.601748 0.790701  0.000000 0.000000 1 4 1.000000
  phy
0  -1.553003 -5.207196 47.849789  -0.132105 0.006543 0.991214  0.000000 0.000000 1 4 1.000000
0  -2.018121 -5.500370 49.990364  0.092075 0.083689 0.992229  0.000000 0.000000 1 4 1.000000
0  -2.890345 -4.942095 47.865696  -0.112656 0.601748 0.790701  0.000000 0.000000 1 4 1.000000
  phy
0  -1.102017 -4.479942 45.933563  -0.546374 -0.006349 0.837517  0.000000 0.000000 1 4 1.000000
0  -3.091735 -3.913542 45.820263  -0.933919 0.111377 0.339692  0.000000 0.000000 1 4 1.000000
0  3.379223 -3.551609 45.699291  -0.942843 -0.211088 0.257854  0.000000 0.000000 1 4 1.000000
  phy
0  -3.091735 -3.913542 45.820263  -0.933919 0.111377 0.339692  0.000000 0.000000 1 4 1.000000
0  -2.976322 -0.869267 45.481678  -0.895417 0.428948 -0.119295  0.000000 0.000000 1 4 1.000000
0  3.379223 -3.551609 45.699291  -0.942843 -0.211088 0.257854  0.000000 0.000000 1 4 1.000000
  phy
0  -2.976322 -0.869267 45.481678  -0.895417 0.428948 -0.119295  0.000000 0.000000 1 4 1.000000
0  -3.091735 -3.913542 45.820263  -0.933919 0.111377 0.339692  0.000000 0.000000 1 4 1.000000
0  -3.646334 -3.635413 46.335819  -0.196061 0.911220 0.362268  0.000000 0.000000 1 4 1.000000
  phy
0  -3.091735 -3.913542 45.820263  -0.933919 0.111377 0.339692  0.000000 0.000000 1 4 1.000000
0  -1.102017 -4.479942 45.933563  -0.546374 -0.006349 0.837517  0.000000 0.000000 1 4 1.000000
0  -2.276124 -4.725092 46.825584  -0.368228 0.209000 0.905940  0.000000 0.000000 1 4 1.000000
  phy
0  -1.342160 2.695963 53.551308  0.123771 0.228889 -0.965552  0.000000 0.000000 1 4 1.000000
0  -1.322206 2.364166 54.747192  0.248054 0.116266 -0.961744  0.000000 0.000000 1 4 1.000000
0  1.361101 2.695955 53.551262  0.131983 -0.087882 -0.987349  0.000000 0.000000 1 4 1.000000
  phy
0  -1.322206 2.364166 54.747192  0.248054 0.116266 -0.961744  0.000000 0.000000 1 4 1.000000
0  1.300811 2.326330 54.883495  0.226494 -0.069877 -0.971503  0.000000 0.000000 1 4 1.000000
0  1.361101 2.695955 53.551262  0.131983 -0.087882 -0.987349  0.000000 0.000000 1 4 1.000000
  phy
0  1.300811 2.326330 54.883495  0.226494 -0.069877 -0.971503  0.000000 0.000000 1 4 1.000000
0  -1.322206 2.364166 54.747192  0.248054 0.116266 -0.961744  0.000000 0.000000 1 4 1.000000
0  0.952710 1.541541 57.337681  0.699910 -0.243104 -0.671585  0.000000 0.000000 1 4 1.000000
  phy
0  -1.322206 2.364166 54.747192  0.248054 0.116266 -0.961744  0.000000 0.000000 1 4 1.000000
0  -0.947156 1.537372 57.337772  0.581687 0.489643 -0.649531  0.000000 0.000000 1 4 1.000000
0  0.952710 1.541541 57.337681  0.699910 -0.243104 -0.671585  0.000000 0.000000 1 4 1.000000
  phy
0  -1.322206 2.364166 54.747192  0.248054 0.116266 -0.961744  0.000000 0.000000 1 4 1.000000
0  -1.342160 2.695963 53.551308  0.123771 0.228889 -0.965552  0.000000 0.000000 1 4 1.000000
0  -2.790145 1.936933 54.548370  0.247350 0.787696 -0.564228  0.000000 0.000000 1 4 1.000000
  phy
0  -1.322206 2.364166 54.747192  0.248054 0.116266 -0.961744  0.000000 0.000000 1 4 1.000000
0  -2.790145 1.936933 54.548370  0.247350 0.787696 -0.564228  0.000000 0.000000 1 4 1.000000
0  -0.947156 1.537372 57.337772  0.581687 0.489643 -0.649531  0.000000 0.000000 1 4 1.000000
  phy
0  -1.102017 -4.479942 45.933563  -0.546374 -0.006349 0.837517  0.000000 0.000000 1 4 1.000000
0  -1.553003 -5.207196 47.849789  -0.132105 0.006543 0.991214  0.000000 0.000000 1 4 1.000000
0  -2.276124 -4.725092 46.825584  -0.368228 0.209000 0.905940  0.000000 0.000000 1 4 1.000000
  phy
0  -3.923849 -1.904060 48.776588  -0.080193 0.992589 -0.091304  0.000000 0.000000 1 4 1.000000
0  -3.894589 -2.946327 47.487488  -0.115662 0.993201 0.013185  0.000000 0.000000 1 4 1.000000
0  -4.185905 -3.099117 51.406822  -0.000235 0.999473 0.032472  0.000000 0.000000 1 4 1.000000
  phy
0  -3.809235 0.474699 51.613808  -0.003722 0.975960 -0.217919  0.000000 0.000000 1 4 1.000000
0  -3.923849 -1.904060 48.776588  -0.080193 0.992589 -0.091304  0.000000 0.000000 1 4 1.000000
0  -4.185905 -3.099117 51.406822  -0.000235 0.999473 0.032472  0.000000 0.000000 1 4 1.000000
  phy
0  -3.894589 -2.946327 47.487488  -0.115662 0.993201 0.013185  0.000000 0.000000 1 4 1.000000
0  -3.923849 -1.904060 48.776588  -0.080193 0.992589 -0.091304  0.000000 0.000000 1 4 1.000000
0  -3.491532 -1.495374 46.460541  -0.184142 0.967142 -0.175296  0.000000 0.000000 1 4 1.000000
  phy
0  -3.491532 -1.495374 46.460541  -0.184142 0.967142 -0.175296  0.000000 0.000000 1 4 1.000000
0  -3.923849 -1.904060 48.776588  -0.080193 0.992589 -0.091304  0.000000 0.000000 1 4 1.000000
0  -3.809235 0.474699 51.613808  -0.003722 0.975960 -0.217919  0.000000 0.000000 1 4 1.000000
  phy
0  -2.790145 1.936933 54.548370  0.247350 0.787696 -0.564228  0.000000 0.000000 1 4 1.000000
0  -1.342160 2.695963 53.551308  0.123771 0.228889 -0.965552  0.000000 0.000000 1 4 1.000000
0  -2.862456 2.521790 51.626842  -0.230196 0.720373 -0.654273  0.000000 0.000000 1 4 1.000000
  phy
0  -1.342160 2.695963 53.551308  0.123771 0.228889 -0.965552  0.000000 0.000000 1 4 1.000000
0  -1.452183 2.973567 51.923069  -0.396775 0.128957 -0.908813  0.000000 0.000000 1 4 1.000000
0  -2.862456 2.521790 51.626842  -0.230196 0.720373 -0.654273  0.000000 0.000000 1 4 1.000000
  phy
0  -1.342160 2.695963 53.551308  0.123771 0.228889 -0.965552  0.000000 0.000000 1 4 1.000000
0  1.361101 2.695955 53.551262  0.131983 -0.087882 -0.987349  0.000000 0.000000 1 4 1.000000
0  -1.452183 2.973567 51.923069  -0.396775 0.128957 -0.908813  0.000000 0.000000 1 4 1.000000
  phy
0  1.361101 2.695955 53.551262  0.131983 -0.087882 -0.987349  0.000000 0.000000 1 4 1.000000
0  1.300811 2.326330 54.883495  0.226494 -0.069877 -0.971503  0.000000 0.000000 1 4 1.000000
0  2.653251 2.039507 54.524021  0.202776 -0.666117 -0.717754  0.000000 0.000000 1 4 1.000000
  phy
0  2.653251 2.039507 54.524021  0.202776 -0.666117 -0.717754  0.000000 0.000000 1 4 1.000000
0  1.300811 2.326330 54.883495  0.226494 -0.069877 -0.971503  0.000000 0.000000 1 4 1.000000
0  0.952710 1.541541 57.337681  0.699910 -0.243104 -0.671585  0.000000 0.000000 1 4 1.000000
  phy
0  -2.123815 -4.717552 51.985252  0.626347 0.075181 0.775910  0.000000 0.000000 1 4 1.000000
0  -2.018121 -5.500370 49.990364  0.092075 0.083689 0.992229  0.000000 0.000000 1 4 1.000000
0  -1.438074 -5.300851 50.840240  0.411725 0.023429 0.911007  0.000000 0.000000 1 4 1.000000
  phy
0  -1.438074 -5.300851 50.840240  0.411725 0.023429 0.911007  0.000000 0.000000 1 4 1.000000
0  1.457040 -5.300859 50.840229  0.436423 -0.059608 0.897765  0.000000 0.000000 1 4 1.000000
0  -2.123815 -4.717552 51.985252  0.626347 0.075181 0.775910  0.000000 0.000000 1 4 1.000000
  phy
0  -2.018121 -5.500370 49.990364  0.092075 0.083689 0.992229  0.000000 0.000000 1 4 1.000000
0  1.457040 -5.300859 50.840229  0.436423 -0.059608 0.897765  0.000000 0.000000 1 4 1.000000
0  -1.438074 -5.300851 50.840240  0.411725 0.023429 0.911007  0.000000 0.000000 1 4 1.000000
  phy
0  1.120810 -4.479958 45.933552  -0.485034 -0.124545 0.865581  0.000000 0.000000 1 4 1.000000
0  -1.102017 -4.479942 45.933563  -0.546374 -0.006349 0.837517  0.000000 0.000000 1 4 1.000000
0  3.379223 -3.551609 45.699291  -0.942843 -0.211088 0.257854  0.000000 0.000000 1 4 1.000000
  phy
0  -1.102017 -4.479942 45.933563  -0.546374 -0.006349 0.837517  0.000000 0.000000 1 4 1.000000
0  1.571798 -5.207211 47.849731  -0.187391 -0.077438 0.979228  0.000000 0.000000 1 4 1.000000
0  -1.553003 -5.207196 47.849789  -0.132105 0.006543 0.991214  0.000000 0.000000 1 4 1.000000
  phy
0  1.120810 -4.479958 45.933552  -0.485034 -0.124545 0.865581  0.000000 0.000000 1 4 1.000000
0  1.571798 -5.207211 47.849731  -0.187391 -0.077438 0.979228  0.000000 0.000000 1 4 1.000000
0  -1.102017 -4.479942 45.933563  -0.546374 -0.006349 0.837517  0.000000 0.000000 1 4 1.000000
  phy
0  -3.894589 -2.946327 47.487488  -0.115662 0.993201 0.013185  0.000000 0.000000 1 4 1.000000
0  -3.491532 -1.495374 46.460541  -0.184142 0.967142 -0.175296  0.000000 0.000000 1 4 1.000000
0  -3.646334 -3.635413 46.335819  -0.196061 0.911220 0.362268  0.000000 0.000000 1 4 1.000000
  phy
0  -4.185905 -3.099117 51.406822  -0.000235 0.999473 0.032472  0.000000 0.000000 1 4 1.000000
0  -3.894589 -2.946327 47.487488  -0.115662 0.993201 0.013185  0.000000 0.000000 1 4 1.000000
0  -3.646334 -3.635413 46.335819  -0.196061 0.911220 0.362268  0.000000 0.000000 1 4 1.000000
  phy
0  2.909128 -4.942117 47.865646  -0.107718 -0.386087 0.916151  0.000000 0.000000 1 4 1.000000
0  2.882989 -5.147894 50.177559  0.176570 -0.653178 0.736330  0.000000 0.000000 1 4 1.000000
0  2.036957 -5.500396 49.990292  0.036876 -0.136400 0.989967  0.000000 0.000000 1 4 1.000000
  phy
0  3.549680 -4.519395 47.640617  -0.107626 -0.882396 0.458033  0.000000 0.000000 1 4 1.000000
0  2.882989 -5.147894 50.177559  0.176570 -0.653178 0.736330  0.000000 0.000000 1 4 1.000000
0  2.909128 -4.942117 47.865646  -0.107718 -0.386087 0.916151  0.000000 0.000000 1 4 1.000000
  phy
0  2.036957 -5.500396 49.990292  0.036876 -0.136400 0.989967  0.000000 0.000000 1 4 1.000000
0  1.571798 -5.207211 47.849731  -0.187391 -0.077438 0.979228  0.000000 0.000000 1 4 1.000000
0  2.909128 -4.942117 47.865646  -0.107718 -0.386087 0.916151  0.000000 0.000000 1 4 1.000000
  phy
0  2.294890 -4.725110 46.825542  -0.334447 -0.320997 0.886062  0.000000 0.000000 1 4 1.000000
0  3.549680 -4.519395 47.640617  -0.107626 -0.882396 0.458033  0.000000 0.000000 1 4 1.000000
0  2.909128 -4.942117 47.865646  -0.107718 -0.386087 0.916151  0.000000 0.000000 1 4 1.000000
  phy
0  2.909128 -4.942117 47.865646  -0.107718 -0.386087 0.916151  0.000000 0.000000 1 4 1.000000
0  1.571798 -5.207211 47.849731  -0.187391 -0.077438 0.979228  0.000000 0.000000 1 4 1.000000
0  2.294890 -4.725110 46.825542  -0.334447 -0.320997 0.886062  0.000000 0.000000 1 4 1.000000
  phy
0  2.848059 1.004688 55.661037  0.331451 -0.829950 -0.448690  0.000000 0.000000 1 4 1.000000
0  3.828125 0.474675 51.613766  0.003571 -0.967740 -0.251924  0.000000 0.000000 1 4 1.000000
0  2.653251 2.039507 54.524021  0.202776 -0.666117 -0.717754  0.000000 0.000000 1 4 1.000000
  phy
0  2.848059 1.004688 55.661037  0.331451 -0.829950 -0.448690  0.000000 0.000000 1 4 1.000000
0  3.323218 -0.533234 56.139084  0.192081 -0.963098 -0.188540  0.000000 0.000000 1 4 1.000000
0  3.828125 0.474675 51.613766  0.003571 -0.967740 -0.251924  0.000000 0.000000 1 4 1.000000
  phy
0  2.848059 1.004688 55.661037  0.331451 -0.829950 -0.448690  0.000000 0.000000 1 4 1.000000
0  0.952710 1.541541 57.337681  0.699910 -0.243104 -0.671585  0.000000 0.000000 1 4 1.000000
0  2.900064 -0.592644 56.702633  0.750095 -0.657641 -0.069750  0.000000 0.000000 1 4 1.000000
  phy
0  2.900064 -0.592644 56.702633  0.750095 -0.657641 -0.069750  0.000000 0.000000 1 4 1.000000
0  3.323218 -0.533234 56.139084  0.192081 -0.963098 -0.188540  0.000000 0.000000 1 4 1.000000
0  2.848059 1.004688 55.661037  0.331451 -0.829950 -0.448690  0.000000 0.000000 1 4 1.000000
  phy
0  2.848059 1.004688 55.661037  0.331451 -0.829950 -0.448690  0.000000 0.000000 1 4 1.000000
0  2.653251 2.039507 54.524021  0.202776 -0.666117 -0.717754  0.000000 0.000000 1 4 1.000000
0  0.952710 1.541541 57.337681  0.699910 -0.243104 -0.671585  0.000000 0.000000 1 4 1.000000
  phy
0  2.881368 2.521761 51.626808  -0.190274 -0.754066 -0.628633  0.000000 0.000000 1 4 1.000000
0  1.361101 2.695955 53.551262  0.131983 -0.087882 -0.987349  0.000000 0.000000 1 4 1.000000
0  2.653251 2.039507 54.524021  0.202776 -0.666117 -0.717754  0.000000 0.000000 1 4 1.000000
  phy
0  1.361101 2.695955 53.551262  0.131983 -0.087882 -0.987349  0.000000 0.000000 1 4 1.000000
0  2.881368 2.521761 51.626808  -0.190274 -0.754066 -0.628633  0.000000 0.000000 1 4 1.000000
0  1.471103 2.973555 51.923046  -0.334465 -0.066617 -0.940051  0.000000 0.000000 1 4 1.000000
  phy
0  -1.452183 2.973567 51.923069  -0.396775 0.128957 -0.908813  0.000000 0.000000 1 4 1.000000
0  1.361101 2.695955 53.551262  0.131983 -0.087882 -0.987349  0.000000 0.000000 1 4 1.000000
0  1.471103 2.973555 51.923046  -0.334465 -0.066617 -0.940051  0.000000 0.000000 1 4 1.000000
  phy
0  3.913381 -2.946365 47.487419  -0.145900 -0.986454 0.074982  0.000000 0.000000 1 4 1.000000
0  3.510328 -1.495396 46.460495  -0.235165 -0.931614 -0.277116  0.000000 0.000000 1 4 1.000000
0  4.011442 -2.294880 48.828564  -0.092187 -0.985261 -0.144089  0.000000 0.000000 1 4 1.000000
  phy
0  3.913381 -2.946365 47.487419  -0.145900 -0.986454 0.074982  0.000000 0.000000 1 4 1.000000
0  3.379223 -3.551609 45.699291  -0.942843 -0.211088 0.257854  0.000000 0.000000 1 4 1.000000
0  3.510328 -1.495396 46.460495  -0.235165 -0.931614 -0.277116  0.000000 0.000000 1 4 1.000000
  phy
0  3.549680 -4.519395 47.640617  -0.107626 -0.882396 0.458033  0.000000 0.000000 1 4 1.000000
0  3.379223 -3.551609 45.699291  -0.942843 -0.211088 0.257854  0.000000 0.000000 1 4 1.000000
0  3.913381 -2.946365 47.487419  -0.145900 -0.986454 0.074982  0.000000 0.000000 1 4 1.000000
  phy
0  4.011442 -2.294880 48.828564  -0.092187 -0.985261 -0.144089  0.000000 0.000000 1 4 1.000000
0  4.204752 -3.099152 51.406761  -0.022388 -0.999708 0.009094  0.000000 0.000000 1 4 1.000000
0  3.913381 -2.946365 47.487419  -0.145900 -0.986454 0.074982  0.000000 0.000000 1 4 1.000000
  phy
0  3.913381 -2.946365 47.487419  -0.145900 -0.986454 0.074982  0.000000 0.000000 1 4 1.000000
0  4.204752 -3.099152 51.406761  -0.022388 -0.999708 0.009094  0.000000 0.000000 1 4 1.000000
0  3.549680 -4.519395 47.640617  -0.107626 -0.882396 0.458033  0.000000 0.000000 1 4 1.000000
  phy
0  -2.123815 -4.717552 51.985252  0.626347 0.075181 0.775910  0.000000 0.000000 1 4 1.000000
0  -1.602009 -0.524225 57.379021  0.886371 0.077216 0.456491  0.000000 0.000000 1 4 1.000000
0  -2.582887 -1.881735 55.511196  0.635018 0.365517 0.680551  0.000000 0.000000 1 4 1.000000
  phy
0  0.009449 -1.817571 55.955826  0.653508 -0.003544 0.756911  0.000000 0.000000 1 4 1.000000
0  -1.602009 -0.524225 57.379021  0.886371 0.077216 0.456491  0.000000 0.000000 1 4 1.000000
0  -2.123815 -4.717552 51.985252  0.626347 0.075181 0.775910  0.000000 0.000000 1 4 1.000000
  phy
0  -2.582887 -1.881735 55.511196  0.635018 0.365517 0.680551  0.000000 0.000000 1 4 1.000000
0  -3.027531 -4.604490 51.415520  0.540769 0.522386 0.659305  0.000000 0.000000 1 4 1.000000
0  -2.123815 -4.717552 51.985252  0.626347 0.075181 0.775910  0.000000 0.000000 1 4 1.000000
  phy
0  -2.123815 -4.717552 51.985252  0.626347 0.075181 0.775910  0.000000 0.000000 1 4 1.000000
0  2.493554 -4.440017 52.373608  0.582814 -0.225128 0.780798  0.000000 0.000000 1 4 1.000000
0  0.009449 -1.817571 55.955826  0.653508 -0.003544 0.756911  0.000000 0.000000 1 4 1.000000
  phy
0  -2.123815 -4.717552 51.985252  0.626347 0.075181 0.775910  0.000000 0.000000 1 4 1.000000
0  -2.864177 -5.147874 50.177635  0.140017 0.627691 0.765767  0.000000 0.000000 1 4 1.000000
0  -2.018121 -5.500370 49.990364  0.092075 0.083689 0.992229  0.000000 0.000000 1 4 1.000000
  phy
0  -3.027531 -4.604490 51.415520  0.540769 0.522386 0.659305  0.000000 0.000000 1 4 1.000000
0  -2.864177 -5.147874 50.177635  0.140017 0.627691 0.765767  0.000000 0.000000 1 4 1.000000
0  -2.123815 -4.717552 51.985252  0.626347 0.075181 0.775910  0.000000 0.000000 1 4 1.000000
  phy
0  1.457040 -5.300859 50.840229  0.436423 -0.059608 0.897765  0.000000 0.000000 1 4 1.000000
0  2.493554 -4.440017 52.373608  0.582814 -0.225128 0.780798  0.000000 0.000000 1 4 1.000000
0  -2.123815 -4.717552 51.985252  0.626347 0.075181 0.775910  0.000000 0.000000 1 4 1.000000
  phy
0  2.036957 -5.500396 49.990292  0.036876 -0.136400 0.989967  0.000000 0.000000 1 4 1.000000
0  -2.018121 -5.500370 49.990364  0.092075 0.083689 0.992229  0.000000 0.000000 1 4 1.000000
0  -1.553003 -5.207196 47.849789  -0.132105 0.006543 0.991214  0.000000 0.000000 1 4 1.000000
  phy
0  -1.553003 -5.207196 47.849789  -0.132105 0.006543 0.991214  0.000000 0.000000 1 4 1.000000
0  1.571798 -5.207211 47.849731  -0.187391 -0.077438 0.979228  0.000000 0.000000 1 4 1.000000
0  2.036957 -5.500396 49.990292  0.036876 -0.136400 0.989967  0.000000 0.000000 1 4 1.000000
  phy
0  2.036957 -5.500396 49.990292  0.036876 -0.136400 0.989967  0.000000 0.000000 1 4 1.000000
0  2.493554 -4.440017 52.373608  0.582814 -0.225128 0.780798  0.000000 0.000000 1 4 1.000000
0  1.457040 -5.300859 50.840229  0.436423 -0.059608 0.897765  0.000000 0.000000 1 4 1.000000
  phy
0  2.036957 -5.500396 49.990292  0.036876 -0.136400 0.989967  0.000000 0.000000 1 4 1.000000
0  2.882989 -5.147894 50.177559  0.176570 -0.653178 0.736330  0.000000 0.000000 1 4 1.000000
0  2.493554 -4.440017 52.373608  0.582814 -0.225128 0.780798  0.000000 0.000000 1 4 1.000000
  phy
0  2.036957 -5.500396 49.990292  0.036876 -0.136400 0.989967  0.000000 0.000000 1 4 1.000000
0  1.457040 -5.300859 50.840229  0.436423 -0.059608 0.897765  0.000000 0.000000 1 4 1.000000
0  -2.018121 -5.500370 49.990364  0.092075 0.083689 0.992229  0.000000 0.000000 1 4 1.000000
  phy
0  -2.582887 -1.881735 55.511196  0.635018 0.365517 0.680551  0.000000 0.000000 1 4 1.000000
0  -2.881111 -0.592613 56.702679  0.782767 0.613042 0.107029  0.000000 0.000000 1 4 1.000000
0  -3.211396 -1.589598 55.261383  0.519846 0.659415 0.543075  0.000000 0.000000 1 4 1.000000
  phy
0  -2.582887 -1.881735 55.511196  0.635018 0.365517 0.680551  0.000000 0.000000 1 4 1.000000
0  -1.602009 -0.524225 57.379021  0.886371 0.077216 0.456491  0.000000 0.000000 1 4 1.000000
0  -2.881111 -0.592613 56.702679  0.782767 0.613042 0.107029  0.000000 0.000000 1 4 1.000000
  phy
0  -3.211396 -1.589598 55.261383  0.519846 0.659415 0.543075  0.000000 0.000000 1 4 1.000000
0  -3.027531 -4.604490 51.415520  0.540769 0.522386 0.659305  0.000000 0.000000 1 4 1.000000
0  -2.582887 -1.881735 55.511196  0.635018 0.365517 0.680551  0.000000 0.000000 1 4 1.000000
  phy
0  2.900064 -0.592644 56.702633  0.750095 -0.657641 -0.069750  0.000000 0.000000 1 4 1.000000
0  0.952710 1.541541 57.337681  0.699910 -0.243104 -0.671585  0.000000 0.000000 1 4 1.000000
0  1.629899 -0.565338 57.333771  0.904370 -0.140909 0.402815  0.000000 0.000000 1 4 1.000000
  phy
0  2.900064 -0.592644 56.702633  0.750095 -0.657641 -0.069750  0.000000 0.000000 1 4 1.000000
0  1.629899 -0.565338 57.333771  0.904370 -0.140909 0.402815  0.000000 0.000000 1 4 1.000000
0  2.520223 -1.803900 55.675446  0.670575 -0.251805 0.697799  0.000000 0.000000 1 4 1.000000
  phy
0  2.520223 -1.803900 55.675446  0.670575 -0.251805 0.697799  0.000000 0.000000 1 4 1.000000
0  3.230317 -1.589635 55.261345  0.491947 -0.688533 0.532832  0.000000 0.000000 1 4 1.000000
0  2.900064 -0.592644 56.702633  0.750095 -0.657641 -0.069750  0.000000 0.000000 1 4 1.000000
  phy
0  3.230317 -1.589635 55.261345  0.491947 -0.688533 0.532832  0.000000 0.000000 1 4 1.000000
0  3.323218 -0.533234 56.139084  0.192081 -0.963098 -0.188540  0.000000 0.000000 1 4 1.000000
0  2.900064 -0.592644 56.702633  0.750095 -0.657641 -0.069750  0.000000 0.000000 1 4 1.000000
  phy
0  -3.491532 -1.495374 46.460541  -0.184142 0.967142 -0.175296  0.000000 0.000000 1 4 1.000000
0  -3.809235 0.474699 51.613808  -0.003722 0.975960 -0.217919  0.000000 0.000000 1 4 1.000000
0  -2.976322 -0.869267 45.481678  -0.895417 0.428948 -0.119295  0.000000 0.000000 1 4 1.000000
  phy
0  -3.491532 -1.495374 46.460541  -0.184142 0.967142 -0.175296  0.000000 0.000000 1 4 1.000000
0  -2.976322 -0.869267 45.481678  -0.895417 0.428948 -0.119295  0.000000 0.000000 1 4 1.000000
0  -3.646334 -3.635413 46.335819  -0.196061 0.911220 0.362268  0.000000 0.000000 1 4 1.000000
  phy
0  -3.881400 -2.017892 53.599739  0.174516 0.984560 0.013620  0.000000 0.000000 1 4 1.000000
0  -3.957845 -3.671691 51.656845  0.264129 0.813181 0.518625  0.000000 0.000000 1 4 1.000000
0  -3.211396 -1.589598 55.261383  0.519846 0.659415 0.543075  0.000000 0.000000 1 4 1.000000
  phy
0  -3.881400 -2.017892 53.599739  0.174516 0.984560 0.013620  0.000000 0.000000 1 4 1.000000
0  -3.211396 -1.589598 55.261383  0.519846 0.659415 0.543075  0.000000 0.000000 1 4 1.000000
0  -3.304276 -0.533217 56.139107  0.284444 0.920754 -0.267027  0.000000 0.000000 1 4 1.000000
  phy
0  -3.957845 -3.671691 51.656845  0.264129 0.813181 0.518625  0.000000 0.000000 1 4 1.000000
0  -3.881400 -2.017892 53.599739  0.174516 0.984560 0.013620  0.000000 0.000000 1 4 1.000000
0  -4.185905 -3.099117 51.406822  -0.000235 0.999473 0.032472  0.000000 0.000000 1 4 1.000000
  phy
0  -3.809235 0.474699 51.613808  -0.003722 0.975960 -0.217919  0.000000 0.000000 1 4 1.000000
0  -3.881400 -2.017892 53.599739  0.174516 0.984560 0.013620  0.000000 0.000000 1 4 1.000000
0  -3.304276 -0.533217 56.139107  0.284444 0.920754 -0.267027  0.000000 0.000000 1 4 1.000000
  phy
0  -3.881400 -2.017892 53.599739  0.174516 0.984560 0.013620  0.000000 0.000000 1 4 1.000000
0  -3.809235 0.474699 51.613808  -0.003722 0.975960 -0.217919  0.000000 0.000000 1 4 1.000000
0  -4.185905 -3.099117 51.406822  -0.000235 0.999473 0.032472  0.000000 0.000000 1 4 1.000000
  phy
0  1.120810 -4.479958 45.933552  -0.485034 -0.124545 0.865581  0.000000 0.000000 1 4 1.000000
0  3.379223 -3.551609 45.699291  -0.942843 -0.211088 0.257854  0.000000 0.000000 1 4 1.000000
0  2.294890 -4.725110 46.825542  -0.334447 -0.320997 0.886062  0.000000 0.000000 1 4 1.000000
  phy
0  2.294890 -4.725110 46.825542  -0.334447 -0.320997 0.886062  0.000000 0.000000 1 4 1.000000
0  3.379223 -3.551609 45.699291  -0.942843 -0.211088 0.257854  0.000000 0.000000 1 4 1.000000
0  3.549680 -4.519395 47.640617  -0.107626 -0.882396 0.458033  0.000000 0.000000 1 4 1.000000
  phy
0  2.294890 -4.725110 46.825542  -0.334447 -0.320997 0.886062  0.000000 0.000000 1 4 1.000000
0  1.571798 -5.207211 47.849731  -0.187391 -0.077438 0.979228  0.000000 0.000000 1 4 1.000000
0  1.120810 -4.479958 45.933552  -0.485034 -0.124545 0.865581  0.000000 0.000000 1 4 1.000000
  phy
0  3.900286 -2.017935 53.599678  0.162969 -0.985943 -0.036832  0.000000 0.000000 1 4 1.000000
0  3.230317 -1.589635 55.261345  0.491947 -0.688533 0.532832  0.000000 0.000000 1 4 1.000000
0  3.976712 -3.700781 51.656139  0.288114 -0.795261 0.533432  0.000000 0.000000 1 4 1.000000
  phy
0  3.230317 -1.589635 55.261345  0.491947 -0.688533 0.532832  0.000000 0.000000 1 4 1.000000
0  2.493554 -4.440017 52.373608  0.582814 -0.225128 0.780798  0.000000 0.000000 1 4 1.000000
0  3.976712 -3.700781 51.656139  0.288114 -0.795261 0.533432  0.000000 0.000000 1 4 1.000000
  phy
0  3.976712 -3.700781 51.656139  0.288114 -0.795261 0.533432  0.000000 0.000000 1 4 1.000000
0  4.204752 -3.099152 51.406761  -0.022388 -0.999708 0.009094  0.000000 0.000000 1 4 1.000000
0  3.900286 -2.017935 53.599678  0.162969 -0.985943 -0.036832  0.000000 0.000000 1 4 1.000000
  phy
0  2.493554 -4.440017 52.373608  0.582814 -0.225128 0.780798  0.000000 0.000000 1 4 1.000000
0  2.882989 -5.147894 50.177559  0.176570 -0.653178 0.736330  0.000000 0.000000 1 4 1.000000
0  3.976712 -3.700781 51.656139  0.288114 -0.795261 0.533432  0.000000 0.000000 1 4 1.000000
  phy
0  3.549680 -4.519395 47.640617  -0.107626 -0.882396 0.458033  0.000000 0.000000 1 4 1.000000
0  4.204752 -3.099152 51.406761  -0.022388 -0.999708 0.009094  0.000000 0.000000 1 4 1.000000
0  3.976712 -3.700781 51.656139  0.288114 -0.795261 0.533432  0.000000 0.000000 1 4 1.000000
  phy
0  3.976712 -3.700781 51.656139  0.288114 -0.795261 0.533432  0.000000 0.000000 1 4 1.000000
0  2.882989 -5.147894 50.177559  0.176570 -0.653178 0.736330  0.000000 0.000000 1 4 1.000000
0  3.549680 -4.519395 47.640617  -0.107626 -0.882396 0.458033  0.000000 0.000000 1 4 1.000000
  phy
0  -3.957845 -3.671691 51.656845  0.264129 0.813181 0.518625  0.000000 0.000000 1 4 1.000000
0  -3.694825 -4.064953 50.216709  -0.037075 0.846373 0.531299  0.000000 0.000000 1 4 1.000000
0  -2.864177 -5.147874 50.177635  0.140017 0.627691 0.765767  0.000000 0.000000 1 4 1.000000
  phy
0  -3.027531 -4.604490 51.415520  0.540769 0.522386 0.659305  0.000000 0.000000 1 4 1.000000
0  -3.957845 -3.671691 51.656845  0.264129 0.813181 0.518625  0.000000 0.000000 1 4 1.000000
0  -2.864177 -5.147874 50.177635  0.140017 0.627691 0.765767  0.000000 0.000000 1 4 1.000000
  phy
0  -3.694825 -4.064953 50.216709  -0.037075 0.846373 0.531299  0.000000 0.000000 1 4 1.000000
0  -3.957845 -3.671691 51.656845  0.264129 0.813181 0.518625  0.000000 0.000000 1 4 1.000000
0  -3.646334 -3.635413 46.335819  -0.196061 0.911220 0.362268  0.000000 0.000000 1 4 1.000000
  phy
0  -3.957845 -3.671691 51.656845  0.264129 0.813181 0.518625  0.000000 0.000000 1 4 1.000000
0  -4.185905 -3.099117 51.406822  -0.000235 0.999473 0.032472  0.000000 0.000000 1 4 1.000000
0  -3.646334 -3.635413 46.335819  -0.196061 0.911220 0.362268  0.000000 0.000000 1 4 1.000000
  phy
0  -3.957845 -3.671691 51.656845  0.264129 0.813181 0.518625  0.000000 0.000000 1 4 1.000000
0  -3.027531 -4.604490 51.415520  0.540769 0.522386 0.659305  0.000000 0.000000 1 4 1.000000
0  -3.211396 -1.589598 55.261383  0.519846 0.659415 0.543075  0.000000 0.000000 1 4 1.000000
  phy
0  -3.211396 -1.589598 55.261383  0.519846 0.659415 0.543075  0.000000 0.000000 1 4 1.000000
0  -2.881111 -0.592613 56.702679  0.782767 0.613042 0.107029  0.000000 0.000000 1 4 1.000000
0  -3.304276 -0.533217 56.139107  0.284444 0.920754 -0.267027  0.000000 0.000000 1 4 1.000000
  phy
0  -2.790145 1.936933 54.548370  0.247350 0.787696 -0.564228  0.000000 0.000000 1 4 1.000000
0  -3.809235 0.474699 51.613808  -0.003722 0.975960 -0.217919  0.000000 0.000000 1 4 1.000000
0  -3.304276 -0.533217 56.139107  0.284444 0.920754 -0.267027  0.000000 0.000000 1 4 1.000000
  phy
0  -3.809235 0.474699 51.613808  -0.003722 0.975960 -0.217919  0.000000 0.000000 1 4 1.000000
0  -2.790145 1.936933 54.548370  0.247350 0.787696 -0.564228  0.000000 0.000000 1 4 1.000000
0  -2.862456 2.521790 51.626842  -0.230196 0.720373 -0.654273  0.000000 0.000000 1 4 1.000000
  phy
0  -2.790145 1.936933 54.548370  0.247350 0.787696 -0.564228  0.000000 0.000000 1 4 1.000000
0  -3.304276 -0.533217 56.139107  0.284444 0.920754 -0.267027  0.000000 0.000000 1 4 1.000000
0  -0.947156 1.537372 57.337772  0.581687 0.489643 -0.649531  0.000000 0.000000 1 4 1.000000
  phy
0  -3.304276 -0.533217 56.139107  0.284444 0.920754 -0.267027  0.000000 0.000000 1 4 1.000000
0  -2.881111 -0.592613 56.702679  0.782767 0.613042 0.107029  0.000000 0.000000 1 4 1.000000
0  -0.947156 1.537372 57.337772  0.581687 0.489643 -0.649531  0.000000 0.000000 1 4 1.000000
  phy
0  -2.881111 -0.592613 56.702679  0.782767 0.613042 0.107029  0.000000 0.000000 1 4 1.000000
0  -1.602009 -0.524225 57.379021  0.886371 0.077216 0.456491  0.000000 0.000000 1 4 1.000000
0  -0.947156 1.537372 57.337772  0.581687 0.489643 -0.649531  0.000000 0.000000 1 4 1.000000
  phy
0  2.653251 2.039507 54.524021  0.202776 -0.666117 -0.717754  0.000000 0.000000 1 4 1.000000
0  3.828125 0.474675 51.613766  0.003571 -0.967740 -0.251924  0.000000 0.000000 1 4 1.000000
0  2.881368 2.521761 51.626808  -0.190274 -0.754066 -0.628633  0.000000 0.000000 1 4 1.000000
  phy
0  2.881368 2.521761 51.626808  -0.190274 -0.754066 -0.628633  0.000000 0.000000 1 4 1.000000
0  3.828125 0.474675 51.613766  0.003571 -0.967740 -0.251924  0.000000 0.000000 1 4 1.000000
0  3.510328 -1.495396 46.460495  -0.235165 -0.931614 -0.277116  0.000000 0.000000 1 4 1.000000
  phy
0  3.510328 -1.495396 46.460495  -0.235165 -0.931614 -0.277116  0.000000 0.000000 1 4 1.000000
0  2.732859 -0.409934 45.467758  -0.825523 -0.513017 -0.235213  0.000000 0.000000 1 4 1.000000
0  2.881368 2.521761 51.626808  -0.190274 -0.754066 -0.628633  0.000000 0.000000 1 4 1.000000
  phy
0  1.471103 2.973555 51.923046  -0.334465 -0.066617 -0.940051  0.000000 0.000000 1 4 1.000000
0  2.881368 2.521761 51.626808  -0.190274 -0.754066 -0.628633  0.000000 0.000000 1 4 1.000000
0  1.672752 0.504653 45.644421  -0.563010 -0.055467 -0.824587  0.000000 0.000000 1 4 1.000000
  phy
0  1.672752 0.504653 45.644421  -0.563010 -0.055467 -0.824587  0.000000 0.000000 1 4 1.000000
0  2.881368 2.521761 51.626808  -0.190274 -0.754066 -0.628633  0.000000 0.000000 1 4 1.000000
0  2.732859 -0.409934 45.467758  -0.825523 -0.513017 -0.235213  0.000000 0.000000 1 4 1.000000
  phy
0  -1.452183 2.973567 51.923069  -0.396775 0.128957 -0.908813  0.000000 0.000000 1 4 1.000000
0  1.672752 0.504653 45.644421  -0.563010 -0.055467 -0.824587  0.000000 0.000000 1 4 1.000000
0  -1.916211 0.045308 45.658310  -0.514877 0.278224 -0.810859  0.000000 0.000000 1 4 1.000000
  phy
0  -1.452183 2.973567 51.923069  -0.396775 0.128957 -0.908813  0.000000 0.000000 1 4 1.000000
0  -1.916211 0.045308 45.658310  -0.514877 0.278224 -0.810859  0.000000 0.000000 1 4 1.000000
0  -2.862456 2.521790 51.626842  -0.230196 0.720373 -0.654273  0.000000 0.000000 1 4 1.000000
  phy
0  -1.452183 2.973567 51.923069  -0.396775 0.128957 -0.908813  0.000000 0.000000 1 4 1.000000
0  1.471103 2.973555 51.923046  -0.334465 -0.066617 -0.940051  0.000000 0.000000 1 4 1.000000
0  1.672752 0.504653 45.644421  -0.563010 -0.055467 -0.824587  0.000000 0.000000 1 4 1.000000
  phy
0  4.204752 -3.099152 51.406761  -0.022388 -0.999708 0.009094  0.000000 0.000000 1 4 1.000000
0  3.828125 0.474675 51.613766  0.003571 -0.967740 -0.251924  0.000000 0.000000 1 4 1.000000
0  3.900286 -2.017935 53.599678  0.162969 -0.985943 -0.036832  0.000000 0.000000 1 4 1.000000
  phy
0  3.828125 0.474675 51.613766  0.003571 -0.967740 -0.251924  0.000000 0.000000 1 4 1.000000
0  3.323218 -0.533234 56.139084  0.192081 -0.963098 -0.188540  0.000000 0.000000 1 4 1.000000
0  3.900286 -2.017935 53.599678  0.162969 -0.985943 -0.036832  0.000000 0.000000 1 4 1.000000
  phy
0  3.900286 -2.017935 53.599678  0.162969 -0.985943 -0.036832  0.000000 0.000000 1 4 1.000000
0  3.323218 -0.533234 56.139084  0.192081 -0.963098 -0.188540  0.000000 0.000000 1 4 1.000000
0  3.230317 -1.589635 55.261345  0.491947 -0.688533 0.532832  0.000000 0.000000 1 4 1.000000
  phy
0  4.011442 -2.294880 48.828564  -0.092187 -0.985261 -0.144089  0.000000 0.000000 1 4 1.000000
0  3.828125 0.474675 51.613766  0.003571 -0.967740 -0.251924  0.000000 0.000000 1 4 1.000000
0  4.204752 -3.099152 51.406761  -0.022388 -0.999708 0.009094  0.000000 0.000000 1 4 1.000000
  phy
0  3.510328 -1.495396 46.460495  -0.235165 -0.931614 -0.277116  0.000000 0.000000 1 4 1.000000
0  3.828125 0.474675 51.613766  0.003571 -0.967740 -0.251924  0.000000 0.000000 1 4 1.000000
0  4.011442 -2.294880 48.828564  -0.092187 -0.985261 -0.144089  0.000000 0.000000 1 4 1.000000
  phy
0  2.520223 -1.803900 55.675446  0.670575 -0.251805 0.697799  0.000000 0.000000 1 4 1.000000
0  1.629899 -0.565338 57.333771  0.904370 -0.140909 0.402815  0.000000 0.000000 1 4 1.000000
0  0.009449 -1.817571 55.955826  0.653508 -0.003544 0.756911  0.000000 0.000000 1 4 1.000000
  phy
0  0.009449 -1.817571 55.955826  0.653508 -0.003544 0.756911  0.000000 0.000000 1 4 1.000000
0  2.493554 -4.440017 52.373608  0.582814 -0.225128 0.780798  0.000000 0.000000 1 4 1.000000
0  2.520223 -1.803900 55.675446  0.670575 -0.251805 0.697799  0.000000 0.000000 1 4 1.000000
  phy
0  1.629899 -0.565338 57.333771  0.904370 -0.140909 0.402815  0.000000 0.000000 1 4 1.000000
0  -1.602009 -0.524225 57.379021  0.886371 0.077216 0.456491  0.000000 0.000000 1 4 1.000000
0  0.009449 -1.817571 55.955826  0.653508 -0.003544 0.756911  0.000000 0.000000 1 4 1.000000
  phy
0  2.520223 -1.803900 55.675446  0.670575 -0.251805 0.697799  0.000000 0.000000 1 4 1.000000
0  2.493554 -4.440017 52.373608  0.582814 -0.225128 0.780798  0.000000 0.000000 1 4 1.000000
0  3.230317 -1.589635 55.261345  0.491947 -0.688533 0.532832  0.000000 0.000000 1 4 1.000000
  phy
0  -2.976322 -0.869267 45.481678  -0.895417 0.428948 -0.119295  0.000000 0.000000 1 4 1.000000
0  -3.809235 0.474699 51.613808  -0.003722 0.975960 -0.217919  0.000000 0.000000 1 4 1.000000
0  -2.862456 2.521790 51.626842  -0.230196 0.720373 -0.654273  0.000000 0.000000 1 4 1.000000
  phy
0  -0.947156 1.537372 57.337772  0.581687 0.489643 -0.649531  0.000000 0.000000 1 4 1.000000
0  -1.602009 -0.524225 57.379021  0.886371 0.077216 0.456491  0.000000 0.000000 1 4 1.000000
0  0.952710 1.541541 57.337681  0.699910 -0.243104 -0.671585  0.000000 0.000000 1 4 1.000000
  phy
0  3.379223 -3.551609 45.699291  -0.942843 -0.211088 0.257854  0.000000 0.000000 1 4 1.000000
0  2.732859 -0.409934 45.467758  -0.825523 -0.513017 -0.235213  0.000000 0.000000 1 4 1.000000
0  3.510328 -1.495396 46.460495  -0.235165 -0.931614 -0.277116  0.000000 0.000000 1 4 1.000000
  phy
0  1.672752 0.504653 45.644421  -0.563010 -0.055467 -0.824587  0.000000 0.000000 1 4 1.000000
0  -2.976322 -0.869267 45.481678  -0.895417 0.428948 -0.119295  0.000000 0.000000 1 4 1.000000
0  -1.916211 0.045308 45.658310  -0.514877 0.278224 -0.810859  0.000000 0.000000 1 4 1.000000
  phy
0  -2.976322 -0.869267 45.481678  -0.895417 0.428948 -0.119295  0.000000 0.000000 1 4 1.000000
0  1.672752 0.504653 45.644421  -0.563010 -0.055467 -0.824587  0.000000 0.000000 1 4 1.000000
0  2.732859 -0.409934 45.467758  -0.825523 -0.513017 -0.235213  0.000000 0.000000 1 4 1.000000
  phy
0  0.952710 1.541541 57.337681  0.699910 -0.243104 -0.671585  0.000000 0.000000 1 4 1.000000
0  -1.602009 -0.524225 57.379021  0.886371 0.077216 0.456491  0.000000 0.000000 1 4 1.000000
0  1.629899 -0.565338 57.333771  0.904370 -0.140909 0.402815  0.000000 0.000000 1 4 1.000000
  phy
0  3.379223 -3.551609 45.699291  -0.942843 -0.211088 0.257854  0.000000 0.000000 1 4 1.000000
0  -2.976322 -0.869267 45.481678  -0.895417 0.428948 -0.119295  0.000000 0.000000 1 4 1.000000
0  2.732859 -0.409934 45.467758  -0.825523 -0.513017 -0.235213  0.000000 0.000000 1 4 1.000000
  phy
0  -1.916211 0.045308 45.658310  -0.514877 0.278224 -0.810859  0.000000 0.000000 1 4 1.000000
0  -2.976322 -0.869267 45.481678  -0.895417 0.428948 -0.119295  0.000000 0.000000 1 4 1.000000
0  -2.862456 2.521790 51.626842  -0.230196 0.720373 -0.654273  0.000000 0.000000 1 4 1.000000
  phy
0  -4.446332 1.086903 55.024208  -0.025673 0.992253 0.121552  0.000000 0.000000 1 60 1.000000
0  -3.598490 2.006080 54.244034  0.220326 0.682018 0.697357  0.000000 0.000000 1 60 1.000000
0  -5.447409 2.015183 54.659405  0.423478 0.699802 0.575277  0.000000 0.000000 1 60 1.000000
  phy
0  -3.598490 2.006080 54.244034  0.220326 0.682018 0.697357  0.000000 0.000000 1 60 1.000000
0  -4.446332 1.086903 55.024208  -0.025673 0.992253 0.121552  0.000000 0.000000 1 60 1.000000
0  -3.062043 1.257191 54.365856  -0.570265 0.607192 0.553277  0.000000 0.000000 1 60 1.000000
  phy
0  -3.840121 0.074705 54.426903  -0.639744 0.745252 -0.187955  0.000000 0.000000 1 60 1.000000
0  -4.446332 1.086903 55.024208  -0.025673 0.992253 0.121552  0.000000 0.000000 1 60 1.000000
0  -4.485667 0.047325 54.716942  -0.376375 0.739400 -0.558237  0.000000 0.000000 1 60 1.000000
  phy
0  -4.446332 1.086903 55.024208  -0.025673 0.992253 0.121552  0.000000 0.000000 1 60 1.000000
0  -3.840121 0.074705 54.426903  -0.639744 0.745252 -0.187955  0.000000 0.000000 1 60 1.000000
0  -3.062043 1.257191 54.365856  -0.570265 0.607192 0.553277  0.000000 0.000000 1 60 1.000000
  phy
0  -13.503710 1.198519 54.866482  0.076761 0.989882 -0.119339  0.000000 0.000000 1 60 1.000000
0  -4.446332 1.086903 55.024208  -0.025673 0.992253 0.121552  0.000000 0.000000 1 60 1.000000
0  -5.447409 2.015183 54.659405  0.423478 0.699802 0.575277  0.000000 0.000000 1 60 1.000000
  phy
0  -4.446332 1.086903 55.024208  -0.025673 0.992253 0.121552  0.000000 0.000000 1 60 1.000000
0  -13.503710 1.198519 54.866482  0.076761 0.989882 -0.119339  0.000000 0.000000 1 60 1.000000
0  -4.485667 0.047325 54.716942  -0.376375 0.739400 -0.558237  0.000000 0.000000 1 60 1.000000
  phy
0  -3.598490 2.006080 54.244034  0.220326 0.682018 0.697357  0.000000 0.000000 1 60 1.000000
0  -3.693259 2.557884 53.380211  0.589806 -0.129624 0.797073  0.000000 0.000000 1 60 1.000000
0  -5.447409 2.015183 54.659405  0.423478 0.699802 0.575277  0.000000 0.000000 1 60 1.000000
  phy
0  -3.693259 2.557884 53.380211  0.589806 -0.129624 0.797073  0.000000 0.000000 1 60 1.000000
0  -3.598490 2.006080 54.244034  0.220326 0.682018 0.697357  0.000000 0.000000 1 60 1.000000
0  -3.062043 1.257191 54.365856  -0.570265 0.607192 0.553277  0.000000 0.000000 1 60 1.000000
  phy
0  -3.840121 0.074705 54.426903  -0.639744 0.745252 -0.187955  0.000000 0.000000 1 60 1.000000
0  -3.217952 0.118459 53.956112  -0.718380 -0.653790 0.237674  0.000000 0.000000 1 60 1.000000
0  -3.062043 1.257191 54.365856  -0.570265 0.607192 0.553277  0.000000 0.000000 1 60 1.000000
  phy
0  -3.840121 0.074705 54.426903  -0.639744 0.745252 -0.187955  0.000000 0.000000 1 60 1.000000
0  -4.361755 -0.603683 53.157948  -0.673711 0.140967 -0.725425  0.000000 0.000000 1 60 1.000000
0  -3.217952 0.118459 53.956112  -0.718380 -0.653790 0.237674  0.000000 0.000000 1 60 1.000000
  phy
0  -4.361755 -0.603683 53.157948  -0.673711 0.140967 -0.725425  0.000000 0.000000 1 60 1.000000
0  -3.840121 0.074705 54.426903  -0.639744 0.745252 -0.187955  0.000000 0.000000 1 60 1.000000
0  -4.485667 0.047325 54.716942  -0.376375 0.739400 -0.558237  0.000000 0.000000 1 60 1.000000
  phy
0  -13.503710 1.198519 54.866482  0.076761 0.989882 -0.119339  0.000000 0.000000 1 60 1.000000
0  -13.519144 1.943708 54.543556  0.629931 0.268342 0.728820  0.000000 0.000000 1 60 1.000000
0  -13.617577 1.873926 52.892960  0.675251 -0.510287 0.532582  0.000000 0.000000 1 60 1.000000
  phy
0  -13.617577 1.873926 52.892960  0.675251 -0.510287 0.532582  0.000000 0.000000 1 60 1.000000
0  -13.549799 0.288260 54.168034  -0.407079 0.329990 -0.851700  0.000000 0.000000 1 60 1.000000
0  -13.503710 1.198519 54.866482  0.076761 0.989882 -0.119339  0.000000 0.000000 1 60 1.000000
  phy
0  -13.596494 0.721383 52.921085  -0.131055 -0.942329 -0.307961  0.000000 0.000000 1 60 1.000000
0  -13.549799 0.288260 54.168034  -0.407079 0.329990 -0.851700  0.000000 0.000000 1 60 1.000000
0  -13.617577 1.873926 52.892960  0.675251 -0.510287 0.532582  0.000000 0.000000 1 60 1.000000
  phy
0  -13.617577 1.873926 52.892960  0.675251 -0.510287 0.532582  0.000000 0.000000 1 60 1.000000
0  -13.519144 1.943708 54.543556  0.629931 0.268342 0.728820  0.000000 0.000000 1 60 1.000000
0  -3.693259 2.557884 53.380211  0.589806 -0.129624 0.797073  0.000000 0.000000 1 60 1.000000
  phy
0  -3.693259 2.557884 53.380211  0.589806 -0.129624 0.797073  0.000000 0.000000 1 60 1.000000
0  -4.525859 2.332166 52.705357  -0.052409 -0.992592 0.109613  0.000000 0.000000 1 60 1.000000
0  -13.617577 1.873926 52.892960  0.675251 -0.510287 0.532582  0.000000 0.000000 1 60 1.000000
  phy
0  -13.617577 1.873926 52.892960  0.675251 -0.510287 0.532582  0.000000 0.000000 1 60 1.000000
0  -4.525859 2.332166 52.705357  -0.052409 -0.992592 0.109613  0.000000 0.000000 1 60 1.000000
0  -13.596494 0.721383 52.921085  -0.131055 -0.942329 -0.307961  0.000000 0.000000 1 60 1.000000
  phy
0  -13.503710 1.198519 54.866482  0.076761 0.989882 -0.119339  0.000000 0.000000 1 60 1.000000
0  -5.447409 2.015183 54.659405  0.423478 0.699802 0.575277  0.000000 0.000000 1 60 1.000000
0  -13.519144 1.943708 54.543556  0.629931 0.268342 0.728820  0.000000 0.000000 1 60 1.000000
  phy
0  -4.485667 0.047325 54.716942  -0.376375 0.739400 -0.558237  0.000000 0.000000 1 60 1.000000
0  -13.503710 1.198519 54.866482  0.076761 0.989882 -0.119339  0.000000 0.000000 1 60 1.000000
0  -13.549799 0.288260 54.168034  -0.407079 0.329990 -0.851700  0.000000 0.000000 1 60 1.000000
  phy
0  -3.693259 2.557884 53.380211  0.589806 -0.129624 0.797073  0.000000 0.000000 1 60 1.000000
0  -13.519144 1.943708 54.543556  0.629931 0.268342 0.728820  0.000000 0.000000 1 60 1.000000
0  -5.447409 2.015183 54.659405  0.423478 0.699802 0.575277  0.000000 0.000000 1 60 1.000000
  phy
0  -4.361755 -0.603683 53.157948  -0.673711 0.140967 -0.725425  0.000000 0.000000 1 60 1.000000
0  -4.525859 2.332166 52.705357  -0.052409 -0.992592 0.109613  0.000000 0.000000 1 60 1.000000
0  -3.217952 0.118459 53.956112  -0.718380 -0.653790 0.237674  0.000000 0.000000 1 60 1.000000
  phy
0  -4.885416 -0.608883 52.785118  -0.249825 -0.875604 -0.413407  0.000000 0.000000 1 60 1.000000
0  -4.525859 2.332166 52.705357  -0.052409 -0.992592 0.109613  0.000000 0.000000 1 60 1.000000
0  -4.361755 -0.603683 53.157948  -0.673711 0.140967 -0.725425  0.000000 0.000000 1 60 1.000000
  phy
0  -4.361755 -0.603683 53.157948  -0.673711 0.140967 -0.725425  0.000000 0.000000 1 60 1.000000
0  -4.485667 0.047325 54.716942  -0.376375 0.739400 -0.558237  0.000000 0.000000 1 60 1.000000
0  -13.549799 0.288260 54.168034  -0.407079 0.329990 -0.851700  0.000000 0.000000 1 60 1.000000
  phy
0  -4.885416 -0.608883 52.785118  -0.249825 -0.875604 -0.413407  0.000000 0.000000 1 60 1.000000
0  -4.361755 -0.603683 53.157948  -0.673711 0.140967 -0.725425  0.000000 0.000000 1 60 1.000000
0  -13.549799 0.288260 54.168034  -0.407079 0.329990 -0.851700  0.000000 0.000000 1 60 1.000000
  phy
0  -3.217952 0.118459 53.956112  -0.718380 -0.653790 0.237674  0.000000 0.000000 1 60 1.000000
0  -4.525859 2.332166 52.705357  -0.052409 -0.992592 0.109613  0.000000 0.000000 1 60 1.000000
0  -3.693259 2.557884 53.380211  0.589806 -0.129624 0.797073  0.000000 0.000000 1 60 1.000000
  phy
0  -3.217952 0.118459 53.956112  -0.718380 -0.653790 0.237674  0.000000 0.000000 1 60 1.000000
0  -3.693259 2.557884 53.380211  0.589806 -0.129624 0.797073  0.000000 0.000000 1 60 1.000000
0  -3.062043 1.257191 54.365856  -0.570265 0.607192 0.553277  0.000000 0.000000 1 60 1.000000
  phy
0  -13.596494 0.721383 52.921085  -0.131055 -0.942329 -0.307961  0.000000 0.000000 1 60 1.000000
0  -4.525859 2.332166 52.705357  -0.052409 -0.992592 0.109613  0.000000 0.000000 1 60 1.000000
0  -4.885416 -0.608883 52.785118  -0.249825 -0.875604 -0.413407  0.000000 0.000000 1 60 1.000000
  phy
0  -13.596494 0.721383 52.921085  -0.131055 -0.942329 -0.307961  0.000000 0.000000 1 60 1.000000
0  -4.885416 -0.608883 52.785118  -0.249825 -0.875604 -0.413407  0.000000 0.000000 1 60 1.000000
0  -13.549799 0.288260 54.168034  -0.407079 0.329990 -0.851700  0.000000 0.000000 1 60 1.000000
  phy
0  3.927120 0.253046 54.348316  0.030504 -0.789392 -0.613131  0.000000 0.000000 1 36 1.000000
0  4.506856 0.200132 54.638348  0.347894 -0.831789 -0.432548  0.000000 0.000000 1 36 1.000000
0  4.527740 1.239502 54.945629  -0.140897 -0.987278 0.073685  0.000000 0.000000 1 36 1.000000
  phy
0  4.527740 1.239502 54.945629  -0.140897 -0.987278 0.073685  0.000000 0.000000 1 36 1.000000
0  3.290627 1.464366 54.287292  -0.812642 -0.349248 -0.466518  0.000000 0.000000 1 36 1.000000
0  3.927120 0.253046 54.348316  0.030504 -0.789392 -0.613131  0.000000 0.000000 1 36 1.000000
  phy
0  3.927120 0.253046 54.348316  0.030504 -0.789392 -0.613131  0.000000 0.000000 1 36 1.000000
0  3.290627 1.464366 54.287292  -0.812642 -0.349248 -0.466518  0.000000 0.000000 1 36 1.000000
0  3.369323 0.321393 53.877529  -0.316657 0.412566 -0.854118  0.000000 0.000000 1 36 1.000000
  phy
0  3.927120 0.253046 54.348316  0.030504 -0.789392 -0.613131  0.000000 0.000000 1 36 1.000000
0  3.369323 0.321393 53.877529  -0.316657 0.412566 -0.854118  0.000000 0.000000 1 36 1.000000
0  4.360025 -0.444836 53.079350  0.461966 -0.268908 -0.845148  0.000000 0.000000 1 36 1.000000
  phy
0  4.506856 0.200132 54.638348  0.347894 -0.831789 -0.432548  0.000000 0.000000 1 36 1.000000
0  3.927120 0.253046 54.348316  0.030504 -0.789392 -0.613131  0.000000 0.000000 1 36 1.000000
0  4.360025 -0.444836 53.079350  0.461966 -0.268908 -0.845148  0.000000 0.000000 1 36 1.000000
  phy
0  4.527740 1.239502 54.945629  -0.140897 -0.987278 0.073685  0.000000 0.000000 1 36 1.000000
0  5.170841 2.119179 54.581951  -0.587092 -0.579535 0.565210  0.000000 0.000000 1 36 1.000000
0  3.814164 2.190733 54.165474  -0.831843 -0.497260 0.246515  0.000000 0.000000 1 36 1.000000
  phy
0  3.814164 2.190733 54.165474  -0.831843 -0.497260 0.246515  0.000000 0.000000 1 36 1.000000
0  3.290627 1.464366 54.287292  -0.812642 -0.349248 -0.466518  0.000000 0.000000 1 36 1.000000
0  4.527740 1.239502 54.945629  -0.140897 -0.987278 0.073685  0.000000 0.000000 1 36 1.000000
  phy
0  4.506856 0.200132 54.638348  0.347894 -0.831789 -0.432548  0.000000 0.000000 1 36 1.000000
0  13.022948 0.959044 54.744617  -0.055570 -0.986767 0.152327  0.000000 0.000000 1 36 1.000000
0  4.527740 1.239502 54.945629  -0.140897 -0.987278 0.073685  0.000000 0.000000 1 36 1.000000
  phy
0  4.527740 1.239502 54.945629  -0.140897 -0.987278 0.073685  0.000000 0.000000 1 36 1.000000
0  13.022948 0.959044 54.744617  -0.055570 -0.986767 0.152327  0.000000 0.000000 1 36 1.000000
0  5.170841 2.119179 54.581951  -0.587092 -0.579535 0.565210  0.000000 0.000000 1 36 1.000000
  phy
0  4.360025 -0.444836 53.079350  0.461966 -0.268908 -0.845148  0.000000 0.000000 1 36 1.000000
0  3.369323 0.321393 53.877529  -0.316657 0.412566 -0.854118  0.000000 0.000000 1 36 1.000000
0  4.150003 2.716106 52.965599  -0.412018 0.804956 0.426951  0.000000 0.000000 1 36 1.000000
  phy
0  4.150003 2.716106 52.965599  -0.412018 0.804956 0.426951  0.000000 0.000000 1 36 1.000000
0  3.369323 0.321393 53.877529  -0.316657 0.412566 -0.854118  0.000000 0.000000 1 36 1.000000
0  3.290627 1.464366 54.287292  -0.812642 -0.349248 -0.466518  0.000000 0.000000 1 36 1.000000
  phy
0  12.856791 1.727536 54.421627  -0.627387 -0.125628 0.768507  0.000000 0.000000 1 36 1.000000
0  13.022948 0.959044 54.744617  -0.055570 -0.986767 0.152327  0.000000 0.000000 1 36 1.000000
0  13.162034 1.628863 52.771114  -0.032716 0.945761 0.323212  0.000000 0.000000 1 36 1.000000
  phy
0  5.170841 2.119179 54.581951  -0.587092 -0.579535 0.565210  0.000000 0.000000 1 36 1.000000
0  13.022948 0.959044 54.744617  -0.055570 -0.986767 0.152327  0.000000 0.000000 1 36 1.000000
0  12.856791 1.727536 54.421627  -0.627387 -0.125628 0.768507  0.000000 0.000000 1 36 1.000000
  phy
0  13.162034 1.628863 52.771114  -0.032716 0.945761 0.323212  0.000000 0.000000 1 36 1.000000
0  4.150003 2.716106 52.965599  -0.412018 0.804956 0.426951  0.000000 0.000000 1 36 1.000000
0  12.856791 1.727536 54.421627  -0.627387 -0.125628 0.768507  0.000000 0.000000 1 36 1.000000
  phy
0  12.856791 1.727536 54.421627  -0.627387 -0.125628 0.768507  0.000000 0.000000 1 36 1.000000
0  4.150003 2.716106 52.965599  -0.412018 0.804956 0.426951  0.000000 0.000000 1 36 1.000000
0  5.170841 2.119179 54.581951  -0.587092 -0.579535 0.565210  0.000000 0.000000 1 36 1.000000
  phy
0  5.170841 2.119179 54.581951  -0.587092 -0.579535 0.565210  0.000000 0.000000 1 36 1.000000
0  4.150003 2.716106 52.965599  -0.412018 0.804956 0.426951  0.000000 0.000000 1 36 1.000000
0  3.814164 2.190733 54.165474  -0.831843 -0.497260 0.246515  0.000000 0.000000 1 36 1.000000
  phy
0  3.814164 2.190733 54.165474  -0.831843 -0.497260 0.246515  0.000000 0.000000 1 36 1.000000
0  4.150003 2.716106 52.965599  -0.412018 0.804956 0.426951  0.000000 0.000000 1 36 1.000000
0  3.290627 1.464366 54.287292  -0.812642 -0.349248 -0.466518  0.000000 0.000000 1 36 1.000000
  phy
0  4.831212 -0.470773 52.706516  0.385589 0.873968 -0.295804  0.000000 0.000000 1 36 1.000000
0  13.004868 0.251784 54.426788  0.722392 -0.412006 -0.555339  0.000000 0.000000 1 36 1.000000
0  4.360025 -0.444836 53.079350  0.461966 -0.268908 -0.845148  0.000000 0.000000 1 36 1.000000
  phy
0  13.004868 0.251784 54.426788  0.722392 -0.412006 -0.555339  0.000000 0.000000 1 36 1.000000
0  4.831212 -0.470773 52.706516  0.385589 0.873968 -0.295804  0.000000 0.000000 1 36 1.000000
0  13.079972 0.474709 52.811840  0.706951 0.496054 -0.504133  0.000000 0.000000 1 36 1.000000
  phy
0  13.162034 1.628863 52.771114  -0.032716 0.945761 0.323212  0.000000 0.000000 1 36 1.000000
0  4.831212 -0.470773 52.706516  0.385589 0.873968 -0.295804  0.000000 0.000000 1 36 1.000000
0  4.150003 2.716106 52.965599  -0.412018 0.804956 0.426951  0.000000 0.000000 1 36 1.000000
  phy
0  4.831212 -0.470773 52.706516  0.385589 0.873968 -0.295804  0.000000 0.000000 1 36 1.000000
0  13.162034 1.628863 52.771114  -0.032716 0.945761 0.323212  0.000000 0.000000 1 36 1.000000
0  13.079972 0.474709 52.811840  0.706951 0.496054 -0.504133  0.000000 0.000000 1 36 1.000000
  phy
0  4.831212 -0.470773 52.706516  0.385589 0.873968 -0.295804  0.000000 0.000000 1 36 1.000000
0  4.360025 -0.444836 53.079350  0.461966 -0.268908 -0.845148  0.000000 0.000000 1 36 1.000000
0  4.150003 2.716106 52.965599  -0.412018 0.804956 0.426951  0.000000 0.000000 1 36 1.000000
  phy
0  13.004868 0.251784 54.426788  0.722392 -0.412006 -0.555339  0.000000 0.000000 1 36 1.000000
0  4.506856 0.200132 54.638348  0.347894 -0.831789 -0.432548  0.000000 0.000000 1 36 1.000000
0  4.360025 -0.444836 53.079350  0.461966 -0.268908 -0.845148  0.000000 0.000000 1 36 1.000000
  phy
0  13.004868 0.251784 54.426788  0.722392 -0.412006 -0.555339  0.000000 0.000000 1 36 1.000000
0  13.022948 0.959044 54.744617  -0.055570 -0.986767 0.152327  0.000000 0.000000 1 36 1.000000
0  4.506856 0.200132 54.638348  0.347894 -0.831789 -0.432548  0.000000 0.000000 1 36 1.000000
  phy
0  13.162034 1.628863 52.771114  -0.032716 0.945761 0.323212  0.000000 0.000000 1 36 1.000000
0  13.022948 0.959044 54.744617  -0.055570 -0.986767 0.152327  0.000000 0.000000 1 36 1.000000
0  13.004868 0.251784 54.426788  0.722392 -0.412006 -0.555339  0.000000 0.000000 1 36 1.000000
  phy
0  13.004868 0.251784 54.426788  0.722392 -0.412006 -0.555339  0.000000 0.000000 1 36 1.000000
0  13.079972 0.474709 52.811840  0.706951 0.496054 -0.504133  0.000000 0.000000 1 36 1.000000
0  13.162034 1.628863 52.771114  -0.032716 0.945761 0.323212  0.000000 0.000000 1 36 1.000000
  phy
0  15.370012 2.052336 53.936760  -0.505670 -0.287794 0.813310  0.000000 0.000000 1 37 1.000000
0  13.166605 1.881948 54.162460  -0.688177 -0.195889 0.698598  0.000000 0.000000 1 37 1.000000
0  14.896380 1.516788 54.875278  -0.231276 -0.813929 0.532945  0.000000 0.000000 1 37 1.000000
  phy
0  14.896380 1.516788 54.875278  -0.231276 -0.813929 0.532945  0.000000 0.000000 1 37 1.000000
0  21.328577 1.692384 54.077663  -0.407880 -0.096433 0.907929  0.000000 0.000000 1 37 1.000000
0  15.370012 2.052336 53.936760  -0.505670 -0.287794 0.813310  0.000000 0.000000 1 37 1.000000
  phy
0  15.721876 1.895552 52.908688  -0.443189 0.591138 0.673898  0.000000 0.000000 1 37 1.000000
0  13.166605 1.881948 54.162460  -0.688177 -0.195889 0.698598  0.000000 0.000000 1 37 1.000000
0  15.370012 2.052336 53.936760  -0.505670 -0.287794 0.813310  0.000000 0.000000 1 37 1.000000
  phy
0  15.370012 2.052336 53.936760  -0.505670 -0.287794 0.813310  0.000000 0.000000 1 37 1.000000
0  21.328577 1.692384 54.077663  -0.407880 -0.096433 0.907929  0.000000 0.000000 1 37 1.000000
0  15.721876 1.895552 52.908688  -0.443189 0.591138 0.673898  0.000000 0.000000 1 37 1.000000
  phy
0  14.931185 0.832102 54.920708  0.313176 -0.921551 -0.229486  0.000000 0.000000 1 37 1.000000
0  14.896380 1.516788 54.875278  -0.231276 -0.813929 0.532945  0.000000 0.000000 1 37 1.000000
0  13.060067 1.461597 54.741940  -0.628167 -0.699194 -0.341370  0.000000 0.000000 1 37 1.000000
  phy
0  13.060067 1.461597 54.741940  -0.628167 -0.699194 -0.341370  0.000000 0.000000 1 37 1.000000
0  13.143858 0.367901 54.641182  0.101927 -0.574795 -0.811925  0.000000 0.000000 1 37 1.000000
0  14.931185 0.832102 54.920708  0.313176 -0.921551 -0.229486  0.000000 0.000000 1 37 1.000000
  phy
0  14.931185 0.832102 54.920708  0.313176 -0.921551 -0.229486  0.000000 0.000000 1 37 1.000000
0  21.340687 0.397274 54.037262  0.687593 -0.220960 -0.691659  0.000000 0.000000 1 37 1.000000
0  21.314705 1.266937 54.491261  0.226631 -0.972714 0.049650  0.000000 0.000000 1 37 1.000000
  phy
0  15.131221 0.421840 54.652897  0.559249 -0.526705 -0.640174  0.000000 0.000000 1 37 1.000000
0  21.340687 0.397274 54.037262  0.687593 -0.220960 -0.691659  0.000000 0.000000 1 37 1.000000
0  14.931185 0.832102 54.920708  0.313176 -0.921551 -0.229486  0.000000 0.000000 1 37 1.000000
  phy
0  14.931185 0.832102 54.920708  0.313176 -0.921551 -0.229486  0.000000 0.000000 1 37 1.000000
0  13.143858 0.367901 54.641182  0.101927 -0.574795 -0.811925  0.000000 0.000000 1 37 1.000000
0  15.131221 0.421840 54.652897  0.559249 -0.526705 -0.640174  0.000000 0.000000 1 37 1.000000
  phy
0  21.314705 1.266937 54.491261  0.226631 -0.972714 0.049650  0.000000 0.000000 1 37 1.000000
0  14.896380 1.516788 54.875278  -0.231276 -0.813929 0.532945  0.000000 0.000000 1 37 1.000000
0  14.931185 0.832102 54.920708  0.313176 -0.921551 -0.229486  0.000000 0.000000 1 37 1.000000
  phy
0  13.221045 0.522375 53.078812  -0.294126 0.540338 -0.788368  0.000000 0.000000 1 37 1.000000
0  14.915489 0.635048 52.932133  0.250017 0.870993 -0.422921  0.000000 0.000000 1 37 1.000000
0  14.318804 0.218574 53.349636  0.495712 0.519347 -0.696095  0.000000 0.000000 1 37 1.000000
  phy
0  14.915489 0.635048 52.932133  0.250017 0.870993 -0.422921  0.000000 0.000000 1 37 1.000000
0  13.221045 0.522375 53.078812  -0.294126 0.540338 -0.788368  0.000000 0.000000 1 37 1.000000
0  14.896450 1.101975 52.762875  -0.069774 0.997562 -0.001303  0.000000 0.000000 1 37 1.000000
  phy
0  14.915489 0.635048 52.932133  0.250017 0.870993 -0.422921  0.000000 0.000000 1 37 1.000000
0  21.288506 0.829545 53.437275  0.138191 0.988588 -0.059973  0.000000 0.000000 1 37 1.000000
0  14.318804 0.218574 53.349636  0.495712 0.519347 -0.696095  0.000000 0.000000 1 37 1.000000
  phy
0  21.288506 0.829545 53.437275  0.138191 0.988588 -0.059973  0.000000 0.000000 1 37 1.000000
0  14.915489 0.635048 52.932133  0.250017 0.870993 -0.422921  0.000000 0.000000 1 37 1.000000
0  14.896450 1.101975 52.762875  -0.069774 0.997562 -0.001303  0.000000 0.000000 1 37 1.000000
  phy
0  14.123054 0.148136 54.096611  0.574434 -0.018155 -0.818350  0.000000 0.000000 1 37 1.000000
0  13.221045 0.522375 53.078812  -0.294126 0.540338 -0.788368  0.000000 0.000000 1 37 1.000000
0  14.318804 0.218574 53.349636  0.495712 0.519347 -0.696095  0.000000 0.000000 1 37 1.000000
  phy
0  13.221045 0.522375 53.078812  -0.294126 0.540338 -0.788368  0.000000 0.000000 1 37 1.000000
0  14.123054 0.148136 54.096611  0.574434 -0.018155 -0.818350  0.000000 0.000000 1 37 1.000000
0  13.143858 0.367901 54.641182  0.101927 -0.574795 -0.811925  0.000000 0.000000 1 37 1.000000
  phy
0  13.221045 0.522375 53.078812  -0.294126 0.540338 -0.788368  0.000000 0.000000 1 37 1.000000
0  13.060067 1.461597 54.741940  -0.628167 -0.699194 -0.341370  0.000000 0.000000 1 37 1.000000
0  13.170757 1.579606 52.984100  -0.782814 0.601643 0.158831  0.000000 0.000000 1 37 1.000000
  phy
0  13.060067 1.461597 54.741940  -0.628167 -0.699194 -0.341370  0.000000 0.000000 1 37 1.000000
0  13.221045 0.522375 53.078812  -0.294126 0.540338 -0.788368  0.000000 0.000000 1 37 1.000000
0  13.143858 0.367901 54.641182  0.101927 -0.574795 -0.811925  0.000000 0.000000 1 37 1.000000
  phy
0  13.221045 0.522375 53.078812  -0.294126 0.540338 -0.788368  0.000000 0.000000 1 37 1.000000
0  13.170757 1.579606 52.984100  -0.782814 0.601643 0.158831  0.000000 0.000000 1 37 1.000000
0  14.896450 1.101975 52.762875  -0.069774 0.997562 -0.001303  0.000000 0.000000 1 37 1.000000
  phy
0  15.131221 0.421840 54.652897  0.559249 -0.526705 -0.640174  0.000000 0.000000 1 37 1.000000
0  14.123054 0.148136 54.096611  0.574434 -0.018155 -0.818350  0.000000 0.000000 1 37 1.000000
0  21.340687 0.397274 54.037262  0.687593 -0.220960 -0.691659  0.000000 0.000000 1 37 1.000000
  phy
0  14.123054 0.148136 54.096611  0.574434 -0.018155 -0.818350  0.000000 0.000000 1 37 1.000000
0  15.131221 0.421840 54.652897  0.559249 -0.526705 -0.640174  0.000000 0.000000 1 37 1.000000
0  13.143858 0.367901 54.641182  0.101927 -0.574795 -0.811925  0.000000 0.000000 1 37 1.000000
  phy
0  14.123054 0.148136 54.096611  0.574434 -0.018155 -0.818350  0.000000 0.000000 1 37 1.000000
0  14.318804 0.218574 53.349636  0.495712 0.519347 -0.696095  0.000000 0.000000 1 37 1.000000
0  21.340687 0.397274 54.037262  0.687593 -0.220960 -0.691659  0.000000 0.000000 1 37 1.000000
  phy
0  15.721876 1.895552 52.908688  -0.443189 0.591138 0.673898  0.000000 0.000000 1 37 1.000000
0  21.288506 0.829545 53.437275  0.138191 0.988588 -0.059973  0.000000 0.000000 1 37 1.000000
0  14.896450 1.101975 52.762875  -0.069774 0.997562 -0.001303  0.000000 0.000000 1 37 1.000000
  phy
0  21.288506 0.829545 53.437275  0.138191 0.988588 -0.059973  0.000000 0.000000 1 37 1.000000
0  15.721876 1.895552 52.908688  -0.443189 0.591138 0.673898  0.000000 0.000000 1 37 1.000000
0  21.328577 1.692384 54.077663  -0.407880 -0.096433 0.907929  0.000000 0.000000 1 37 1.000000
  phy
0  13.170757 1.579606 52.984100  -0.782814 0.601643 0.158831  0.000000 0.000000 1 37 1.000000
0  15.721876 1.895552 52.908688  -0.443189 0.591138 0.673898  0.000000 0.000000 1 37 1.000000
0  14.896450 1.101975 52.762875  -0.069774 0.997562 -0.001303  0.000000 0.000000 1 37 1.000000
  phy
0  13.170757 1.579606 52.984100  -0.782814 0.601643 0.158831  0.000000 0.000000 1 37 1.000000
0  13.166605 1.881948 54.162460  -0.688177 -0.195889 0.698598  0.000000 0.000000 1 37 1.000000
0  15.721876 1.895552 52.908688  -0.443189 0.591138 0.673898  0.000000 0.000000 1 37 1.000000
  phy
0  21.314705 1.266937 54.491261  0.226631 -0.972714 0.049650  0.000000 0.000000 1 37 1.000000
0  21.328577 1.692384 54.077663  -0.407880 -0.096433 0.907929  0.000000 0.000000 1 37 1.000000
0  14.896380 1.516788 54.875278  -0.231276 -0.813929 0.532945  0.000000 0.000000 1 37 1.000000
  phy
0  21.340687 0.397274 54.037262  0.687593 -0.220960 -0.691659  0.000000 0.000000 1 37 1.000000
0  21.328577 1.692384 54.077663  -0.407880 -0.096433 0.907929  0.000000 0.000000 1 37 1.000000
0  21.314705 1.266937 54.491261  0.226631 -0.972714 0.049650  0.000000 0.000000 1 37 1.000000
  phy
0  13.170757 1.579606 52.984100  -0.782814 0.601643 0.158831  0.000000 0.000000 1 37 1.000000
0  13.060067 1.461597 54.741940  -0.628167 -0.699194 -0.341370  0.000000 0.000000 1 37 1.000000
0  13.166605 1.881948 54.162460  -0.688177 -0.195889 0.698598  0.000000 0.000000 1 37 1.000000
  phy
0  14.896380 1.516788 54.875278  -0.231276 -0.813929 0.532945  0.000000 0.000000 1 37 1.000000
0  13.166605 1.881948 54.162460  -0.688177 -0.195889 0.698598  0.000000 0.000000 1 37 1.000000
0  13.060067 1.461597 54.741940  -0.628167 -0.699194 -0.341370  0.000000 0.000000 1 37 1.000000
  phy
0  14.318804 0.218574 53.349636  0.495712 0.519347 -0.696095  0.000000 0.000000 1 37 1.000000
0  21.288506 0.829545 53.437275  0.138191 0.988588 -0.059973  0.000000 0.000000 1 37 1.000000
0  21.340687 0.397274 54.037262  0.687593 -0.220960 -0.691659  0.000000 0.000000 1 37 1.000000
  phy
0  21.288506 0.829545 53.437275  0.138191 0.988588 -0.059973  0.000000 0.000000 1 37 1.000000
0  21.328577 1.692384 54.077663  -0.407880 -0.096433 0.907929  0.000000 0.000000 1 37 1.000000
0  21.340687 0.397274 54.037262  0.687593 -0.220960 -0.691659  0.000000 0.000000 1 37 1.000000
  phy
0  21.332024 2.156370 53.478645  -0.364888 0.527823 -0.766981  0.000000 0.000000 1 38 1.000000
0  22.507013 1.722240 52.803646  0.716873 0.419549 -0.556841  0.000000 0.000000 1 38 1.000000
0  21.812717 1.037983 52.849056  0.408533 0.024289 -0.912420  0.000000 0.000000 1 38 1.000000
  phy
0  22.507013 1.722240 52.803646  0.716873 0.419549 -0.556841  0.000000 0.000000 1 38 1.000000
0  21.332024 2.156370 53.478645  -0.364888 0.527823 -0.766981  0.000000 0.000000 1 38 1.000000
0  22.385181 2.518731 53.613293  -0.226639 0.945211 0.234968  0.000000 0.000000 1 38 1.000000
  phy
0  26.844570 2.648620 53.458950  0.809588 0.479682 -0.338339  0.000000 0.000000 1 38 1.000000
0  22.507013 1.722240 52.803646  0.716873 0.419549 -0.556841  0.000000 0.000000 1 38 1.000000
0  22.385181 2.518731 53.613293  -0.226639 0.945211 0.234968  0.000000 0.000000 1 38 1.000000
  phy
0  22.507013 1.722240 52.803646  0.716873 0.419549 -0.556841  0.000000 0.000000 1 38 1.000000
0  26.844570 2.648620 53.458950  0.809588 0.479682 -0.338339  0.000000 0.000000 1 38 1.000000
0  24.353952 -1.785699 52.748348  0.794619 -0.344885 -0.499636  0.000000 0.000000 1 38 1.000000
  phy
0  21.812717 1.037983 52.849056  0.408533 0.024289 -0.912420  0.000000 0.000000 1 38 1.000000
0  22.507013 1.722240 52.803646  0.716873 0.419549 -0.556841  0.000000 0.000000 1 38 1.000000
0  24.353952 -1.785699 52.748348  0.794619 -0.344885 -0.499636  0.000000 0.000000 1 38 1.000000
  phy
0  25.605865 0.104056 54.582920  -0.577805 -0.693106 0.430981  0.000000 0.000000 1 38 1.000000
0  28.384647 0.995941 54.060699  0.537664 -0.489540 0.686490  0.000000 0.000000 1 38 1.000000
0  25.890797 1.054721 54.715252  -0.668320 -0.156511 0.727223  0.000000 0.000000 1 38 1.000000
  phy
0  25.890797 1.054721 54.715252  -0.668320 -0.156511 0.727223  0.000000 0.000000 1 38 1.000000
0  28.384647 0.995941 54.060699  0.537664 -0.489540 0.686490  0.000000 0.000000 1 38 1.000000
0  25.440248 2.012666 54.504372  -0.545946 0.504757 0.668702  0.000000 0.000000 1 38 1.000000
  phy
0  25.890797 1.054721 54.715252  -0.668320 -0.156511 0.727223  0.000000 0.000000 1 38 1.000000
0  21.515108 1.548975 54.614483  -0.881380 -0.049342 0.469824  0.000000 0.000000 1 38 1.000000
0  25.605865 0.104056 54.582920  -0.577805 -0.693106 0.430981  0.000000 0.000000 1 38 1.000000
  phy
0  25.440248 2.012666 54.504372  -0.545946 0.504757 0.668702  0.000000 0.000000 1 38 1.000000
0  21.515108 1.548975 54.614483  -0.881380 -0.049342 0.469824  0.000000 0.000000 1 38 1.000000
0  25.890797 1.054721 54.715252  -0.668320 -0.156511 0.727223  0.000000 0.000000 1 38 1.000000
  phy
0  25.440248 2.012666 54.504372  -0.545946 0.504757 0.668702  0.000000 0.000000 1 38 1.000000
0  26.844570 2.648620 53.458950  0.809588 0.479682 -0.338339  0.000000 0.000000 1 38 1.000000
0  22.385181 2.518731 53.613293  -0.226639 0.945211 0.234968  0.000000 0.000000 1 38 1.000000
  phy
0  25.440248 2.012666 54.504372  -0.545946 0.504757 0.668702  0.000000 0.000000 1 38 1.000000
0  28.384647 0.995941 54.060699  0.537664 -0.489540 0.686490  0.000000 0.000000 1 38 1.000000
0  26.844570 2.648620 53.458950  0.809588 0.479682 -0.338339  0.000000 0.000000 1 38 1.000000
  phy
0  24.353952 -1.785699 52.748348  0.794619 -0.344885 -0.499636  0.000000 0.000000 1 38 1.000000
0  26.844570 2.648620 53.458950  0.809588 0.479682 -0.338339  0.000000 0.000000 1 38 1.000000
0  28.384647 0.995941 54.060699  0.537664 -0.489540 0.686490  0.000000 0.000000 1 38 1.000000
  phy
0  21.332024 2.156370 53.478645  -0.364888 0.527823 -0.766981  0.000000 0.000000 1 38 1.000000
0  21.515108 1.548975 54.614483  -0.881380 -0.049342 0.469824  0.000000 0.000000 1 38 1.000000
0  22.385181 2.518731 53.613293  -0.226639 0.945211 0.234968  0.000000 0.000000 1 38 1.000000
  phy
0  21.332024 2.156370 53.478645  -0.364888 0.527823 -0.766981  0.000000 0.000000 1 38 1.000000
0  21.812717 1.037983 52.849056  0.408533 0.024289 -0.912420  0.000000 0.000000 1 38 1.000000
0  21.388605 -0.047113 53.586170  -0.702810 -0.708425 -0.064738  0.000000 0.000000 1 38 1.000000
  phy
0  21.515108 1.548975 54.614483  -0.881380 -0.049342 0.469824  0.000000 0.000000 1 38 1.000000
0  21.332024 2.156370 53.478645  -0.364888 0.527823 -0.766981  0.000000 0.000000 1 38 1.000000
0  21.388605 -0.047113 53.586170  -0.702810 -0.708425 -0.064738  0.000000 0.000000 1 38 1.000000
  phy
0  21.515108 1.548975 54.614483  -0.881380 -0.049342 0.469824  0.000000 0.000000 1 38 1.000000
0  21.388605 -0.047113 53.586170  -0.702810 -0.708425 -0.064738  0.000000 0.000000 1 38 1.000000
0  25.605865 0.104056 54.582920  -0.577805 -0.693106 0.430981  0.000000 0.000000 1 38 1.000000
  phy
0  25.605865 0.104056 54.582920  -0.577805 -0.693106 0.430981  0.000000 0.000000 1 38 1.000000
0  21.388605 -0.047113 53.586170  -0.702810 -0.708425 -0.064738  0.000000 0.000000 1 38 1.000000
0  24.353952 -1.785699 52.748348  0.794619 -0.344885 -0.499636  0.000000 0.000000 1 38 1.000000
  phy
0  24.353952 -1.785699 52.748348  0.794619 -0.344885 -0.499636  0.000000 0.000000 1 38 1.000000
0  28.384647 0.995941 54.060699  0.537664 -0.489540 0.686490  0.000000 0.000000 1 38 1.000000
0  25.605865 0.104056 54.582920  -0.577805 -0.693106 0.430981  0.000000 0.000000 1 38 1.000000
  phy
0  25.440248 2.012666 54.504372  -0.545946 0.504757 0.668702  0.000000 0.000000 1 38 1.000000
0  22.385181 2.518731 53.613293  -0.226639 0.945211 0.234968  0.000000 0.000000 1 38 1.000000
0  21.515108 1.548975 54.614483  -0.881380 -0.049342 0.469824  0.000000 0.000000 1 38 1.000000
  phy
0  21.812717 1.037983 52.849056  0.408533 0.024289 -0.912420  0.000000 0.000000 1 38 1.000000
0  24.353952 -1.785699 52.748348  0.794619 -0.344885 -0.499636  0.000000 0.000000 1 38 1.000000
0  21.388605 -0.047113 53.586170  -0.702810 -0.708425 -0.064738  0.000000 0.000000 1 38 1.000000
  phy
0  -14.788465 2.067391 54.026951  0.628688 0.210598 0.748598  0.000000 0.000000 1 61 1.000000
0  -13.585850 1.423324 54.752266  0.115435 0.922981 0.367125  0.000000 0.000000 1 61 1.000000
0  -13.671072 1.882930 54.120319  0.365456 0.073497 0.927923  0.000000 0.000000 1 61 1.000000
  phy
0  -13.671072 1.882930 54.120319  0.365456 0.073497 0.927923  0.000000 0.000000 1 61 1.000000
0  -13.683234 1.553443 52.835331  0.044912 -0.732149 0.679662  0.000000 0.000000 1 61 1.000000
0  -14.788465 2.067391 54.026951  0.628688 0.210598 0.748598  0.000000 0.000000 1 61 1.000000
  phy
0  -13.671072 1.882930 54.120319  0.365456 0.073497 0.927923  0.000000 0.000000 1 61 1.000000
0  -13.585850 1.423324 54.752266  0.115435 0.922981 0.367125  0.000000 0.000000 1 61 1.000000
0  -13.683234 1.553443 52.835331  0.044912 -0.732149 0.679662  0.000000 0.000000 1 61 1.000000
  phy
0  -15.266279 1.057455 52.857620  -0.013733 -0.999905 0.001046  0.000000 0.000000 1 61 1.000000
0  -21.056231 0.677694 53.386448  0.035596 -0.979909 -0.196246  0.000000 0.000000 1 61 1.000000
0  -15.987238 1.936152 53.016670  0.546353 -0.683362 0.484268  0.000000 0.000000 1 61 1.000000
  phy
0  -15.987238 1.936152 53.016670  0.546353 -0.683362 0.484268  0.000000 0.000000 1 61 1.000000
0  -13.683234 1.553443 52.835331  0.044912 -0.732149 0.679662  0.000000 0.000000 1 61 1.000000
0  -15.266279 1.057455 52.857620  -0.013733 -0.999905 0.001046  0.000000 0.000000 1 61 1.000000
  phy
0  -21.056231 0.677694 53.386448  0.035596 -0.979909 -0.196246  0.000000 0.000000 1 61 1.000000
0  -21.062092 1.594332 54.371490  0.723543 0.555047 0.410376  0.000000 0.000000 1 61 1.000000
0  -15.987238 1.936152 53.016670  0.546353 -0.683362 0.484268  0.000000 0.000000 1 61 1.000000
  phy
0  -14.788465 2.067391 54.026951  0.628688 0.210598 0.748598  0.000000 0.000000 1 61 1.000000
0  -13.683234 1.553443 52.835331  0.044912 -0.732149 0.679662  0.000000 0.000000 1 61 1.000000
0  -15.987238 1.936152 53.016670  0.546353 -0.683362 0.484268  0.000000 0.000000 1 61 1.000000
  phy
0  -15.987238 1.936152 53.016670  0.546353 -0.683362 0.484268  0.000000 0.000000 1 61 1.000000
0  -21.062092 1.594332 54.371490  0.723543 0.555047 0.410376  0.000000 0.000000 1 61 1.000000
0  -14.788465 2.067391 54.026951  0.628688 0.210598 0.748598  0.000000 0.000000 1 61 1.000000
  phy
0  -13.758237 0.401943 52.938652  -0.726529 -0.444807 -0.523739  0.000000 0.000000 1 61 1.000000
0  -21.056231 0.677694 53.386448  0.035596 -0.979909 -0.196246  0.000000 0.000000 1 61 1.000000
0  -15.266279 1.057455 52.857620  -0.013733 -0.999905 0.001046  0.000000 0.000000 1 61 1.000000
  phy
0  -15.266279 1.057455 52.857620  -0.013733 -0.999905 0.001046  0.000000 0.000000 1 61 1.000000
0  -13.683234 1.553443 52.835331  0.044912 -0.732149 0.679662  0.000000 0.000000 1 61 1.000000
0  -13.758237 0.401943 52.938652  -0.726529 -0.444807 -0.523739  0.000000 0.000000 1 61 1.000000
  phy
0  -16.658350 0.851911 54.615547  -0.004815 0.989640 -0.143493  0.000000 0.000000 1 61 1.000000
0  -21.106054 0.338776 54.322113  -0.580983 0.254672 -0.773047  0.000000 0.000000 1 61 1.000000
0  -13.692321 0.232554 54.642426  -0.674538 0.413562 -0.611527  0.000000 0.000000 1 61 1.000000
  phy
0  -13.585850 1.423324 54.752266  0.115435 0.922981 0.367125  0.000000 0.000000 1 61 1.000000
0  -16.658350 0.851911 54.615547  -0.004815 0.989640 -0.143493  0.000000 0.000000 1 61 1.000000
0  -13.692321 0.232554 54.642426  -0.674538 0.413562 -0.611527  0.000000 0.000000 1 61 1.000000
  phy
0  -21.106054 0.338776 54.322113  -0.580983 0.254672 -0.773047  0.000000 0.000000 1 61 1.000000
0  -16.658350 0.851911 54.615547  -0.004815 0.989640 -0.143493  0.000000 0.000000 1 61 1.000000
0  -21.062092 1.594332 54.371490  0.723543 0.555047 0.410376  0.000000 0.000000 1 61 1.000000
  phy
0  -16.658350 0.851911 54.615547  -0.004815 0.989640 -0.143493  0.000000 0.000000 1 61 1.000000
0  -13.585850 1.423324 54.752266  0.115435 0.922981 0.367125  0.000000 0.000000 1 61 1.000000
0  -21.062092 1.594332 54.371490  0.723543 0.555047 0.410376  0.000000 0.000000 1 61 1.000000
  phy
0  -13.585850 1.423324 54.752266  0.115435 0.922981 0.367125  0.000000 0.000000 1 61 1.000000
0  -14.788465 2.067391 54.026951  0.628688 0.210598 0.748598  0.000000 0.000000 1 61 1.000000
0  -21.062092 1.594332 54.371490  0.723543 0.555047 0.410376  0.000000 0.000000 1 61 1.000000
  phy
0  -13.758237 0.401943 52.938652  -0.726529 -0.444807 -0.523739  0.000000 0.000000 1 61 1.000000
0  -21.106054 0.338776 54.322113  -0.580983 0.254672 -0.773047  0.000000 0.000000 1 61 1.000000
0  -21.056231 0.677694 53.386448  0.035596 -0.979909 -0.196246  0.000000 0.000000 1 61 1.000000
  phy
0  -21.106054 0.338776 54.322113  -0.580983 0.254672 -0.773047  0.000000 0.000000 1 61 1.000000
0  -13.758237 0.401943 52.938652  -0.726529 -0.444807 -0.523739  0.000000 0.000000 1 61 1.000000
0  -13.692321 0.232554 54.642426  -0.674538 0.413562 -0.611527  0.000000 0.000000 1 61 1.000000
  phy
0  -13.585850 1.423324 54.752266  0.115435 0.922981 0.367125  0.000000 0.000000 1 61 1.000000
0  -13.758237 0.401943 52.938652  -0.726529 -0.444807 -0.523739  0.000000 0.000000 1 61 1.000000
0  -13.683234 1.553443 52.835331  0.044912 -0.732149 0.679662  0.000000 0.000000 1 61 1.000000
  phy
0  -13.758237 0.401943 52.938652  -0.726529 -0.444807 -0.523739  0.000000 0.000000 1 61 1.000000
0  -13.585850 1.423324 54.752266  0.115435 0.922981 0.367125  0.000000 0.000000 1 61 1.000000
0  -13.692321 0.232554 54.642426  -0.674538 0.413562 -0.611527  0.000000 0.000000 1 61 1.000000
  phy
0  -21.106054 0.338776 54.322113  -0.580983 0.254672 -0.773047  0.000000 0.000000 1 61 1.000000
0  -21.062092 1.594332 54.371490  0.723543 0.555047 0.410376  0.000000 0.000000 1 61 1.000000
0  -21.056231 0.677694 53.386448  0.035596 -0.979909 -0.196246  0.000000 0.000000 1 61 1.000000
  phy
0  -26.905275 0.737450 54.705238  0.688193 0.235696 0.686176  0.000000 0.000000 1 62 1.000000
0  -25.152094 0.028662 54.630215  0.269852 0.634942 0.723898  0.000000 0.000000 1 62 1.000000
0  -25.498531 0.905373 54.745255  0.483321 0.084182 0.871386  0.000000 0.000000 1 62 1.000000
  phy
0  -25.152094 0.028662 54.630215  0.269852 0.634942 0.723898  0.000000 0.000000 1 62 1.000000
0  -21.401966 1.593865 54.696213  0.301020 -0.004876 0.953605  0.000000 0.000000 1 62 1.000000
0  -25.498531 0.905373 54.745255  0.483321 0.084182 0.871386  0.000000 0.000000 1 62 1.000000
  phy
0  -25.498531 0.905373 54.745255  0.483321 0.084182 0.871386  0.000000 0.000000 1 62 1.000000
0  -25.087961 1.826742 54.558651  0.587821 -0.418697 0.692214  0.000000 0.000000 1 62 1.000000
0  -26.905275 0.737450 54.705238  0.688193 0.235696 0.686176  0.000000 0.000000 1 62 1.000000
  phy
0  -25.498531 0.905373 54.745255  0.483321 0.084182 0.871386  0.000000 0.000000 1 62 1.000000
0  -21.401966 1.593865 54.696213  0.301020 -0.004876 0.953605  0.000000 0.000000 1 62 1.000000
0  -25.087961 1.826742 54.558651  0.587821 -0.418697 0.692214  0.000000 0.000000 1 62 1.000000
  phy
0  -21.626240 1.099482 53.047813  -0.637221 0.007742 -0.770642  0.000000 0.000000 1 62 1.000000
0  -23.346684 1.793226 53.099064  -0.360010 -0.335816 -0.870414  0.000000 0.000000 1 62 1.000000
0  -21.217669 2.026917 53.643398  -0.629608 -0.773266 -0.075197  0.000000 0.000000 1 62 1.000000
  phy
0  -21.626240 1.099482 53.047813  -0.637221 0.007742 -0.770642  0.000000 0.000000 1 62 1.000000
0  -21.217669 2.026917 53.643398  -0.629608 -0.773266 -0.075197  0.000000 0.000000 1 62 1.000000
0  -21.155334 0.249763 53.744884  -0.376236 0.620004 0.688507  0.000000 0.000000 1 62 1.000000
  phy
0  -23.346684 1.793226 53.099064  -0.360010 -0.335816 -0.870414  0.000000 0.000000 1 62 1.000000
0  -21.626240 1.099482 53.047813  -0.637221 0.007742 -0.770642  0.000000 0.000000 1 62 1.000000
0  -24.047920 -2.396833 53.174408  -0.448681 0.360894 -0.817582  0.000000 0.000000 1 62 1.000000
  phy
0  -24.047920 -2.396833 53.174408  -0.448681 0.360894 -0.817582  0.000000 0.000000 1 62 1.000000
0  -21.626240 1.099482 53.047813  -0.637221 0.007742 -0.770642  0.000000 0.000000 1 62 1.000000
0  -21.155334 0.249763 53.744884  -0.376236 0.620004 0.688507  0.000000 0.000000 1 62 1.000000
  phy
0  -26.905275 0.737450 54.705238  0.688193 0.235696 0.686176  0.000000 0.000000 1 62 1.000000
0  -25.087961 1.826742 54.558651  0.587821 -0.418697 0.692214  0.000000 0.000000 1 62 1.000000
0  -26.951220 2.599954 53.718380  -0.052719 -0.550955 -0.832868  0.000000 0.000000 1 62 1.000000
  phy
0  -26.951220 2.599954 53.718380  -0.052719 -0.550955 -0.832868  0.000000 0.000000 1 62 1.000000
0  -28.137913 0.956482 54.243420  0.158914 0.489058 -0.857653  0.000000 0.000000 1 62 1.000000
0  -26.905275 0.737450 54.705238  0.688193 0.235696 0.686176  0.000000 0.000000 1 62 1.000000
  phy
0  -25.152094 0.028662 54.630215  0.269852 0.634942 0.723898  0.000000 0.000000 1 62 1.000000
0  -26.905275 0.737450 54.705238  0.688193 0.235696 0.686176  0.000000 0.000000 1 62 1.000000
0  -24.047920 -2.396833 53.174408  -0.448681 0.360894 -0.817582  0.000000 0.000000 1 62 1.000000
  phy
0  -24.047920 -2.396833 53.174408  -0.448681 0.360894 -0.817582  0.000000 0.000000 1 62 1.000000
0  -26.905275 0.737450 54.705238  0.688193 0.235696 0.686176  0.000000 0.000000 1 62 1.000000
0  -28.137913 0.956482 54.243420  0.158914 0.489058 -0.857653  0.000000 0.000000 1 62 1.000000
  phy
0  -26.951220 2.599954 53.718380  -0.052719 -0.550955 -0.832868  0.000000 0.000000 1 62 1.000000
0  -23.290079 2.782889 53.853966  0.140848 -0.959258 0.244920  0.000000 0.000000 1 62 1.000000
0  -23.346684 1.793226 53.099064  -0.360010 -0.335816 -0.870414  0.000000 0.000000 1 62 1.000000
  phy
0  -21.217669 2.026917 53.643398  -0.629608 -0.773266 -0.075197  0.000000 0.000000 1 62 1.000000
0  -23.346684 1.793226 53.099064  -0.360010 -0.335816 -0.870414  0.000000 0.000000 1 62 1.000000
0  -23.290079 2.782889 53.853966  0.140848 -0.959258 0.244920  0.000000 0.000000 1 62 1.000000
  phy
0  -26.951220 2.599954 53.718380  -0.052719 -0.550955 -0.832868  0.000000 0.000000 1 62 1.000000
0  -23.346684 1.793226 53.099064  -0.360010 -0.335816 -0.870414  0.000000 0.000000 1 62 1.000000
0  -24.047920 -2.396833 53.174408  -0.448681 0.360894 -0.817582  0.000000 0.000000 1 62 1.000000
  phy
0  -25.152094 0.028662 54.630215  0.269852 0.634942 0.723898  0.000000 0.000000 1 62 1.000000
0  -24.047920 -2.396833 53.174408  -0.448681 0.360894 -0.817582  0.000000 0.000000 1 62 1.000000
0  -21.155334 0.249763 53.744884  -0.376236 0.620004 0.688507  0.000000 0.000000 1 62 1.000000
  phy
0  -25.152094 0.028662 54.630215  0.269852 0.634942 0.723898  0.000000 0.000000 1 62 1.000000
0  -21.155334 0.249763 53.744884  -0.376236 0.620004 0.688507  0.000000 0.000000 1 62 1.000000
0  -21.401966 1.593865 54.696213  0.301020 -0.004876 0.953605  0.000000 0.000000 1 62 1.000000
  phy
0  -25.087961 1.826742 54.558651  0.587821 -0.418697 0.692214  0.000000 0.000000 1 62 1.000000
0  -23.290079 2.782889 53.853966  0.140848 -0.959258 0.244920  0.000000 0.000000 1 62 1.000000
0  -26.951220 2.599954 53.718380  -0.052719 -0.550955 -0.832868  0.000000 0.000000 1 62 1.000000
  phy
0  -26.951220 2.599954 53.718380  -0.052719 -0.550955 -0.832868  0.000000 0.000000 1 62 1.000000
0  -24.047920 -2.396833 53.174408  -0.448681 0.360894 -0.817582  0.000000 0.000000 1 62 1.000000
0  -28.137913 0.956482 54.243420  0.158914 0.489058 -0.857653  0.000000 0.000000 1 62 1.000000
  phy
0  -21.217669 2.026917 53.643398  -0.629608 -0.773266 -0.075197  0.000000 0.000000 1 62 1.000000
0  -23.290079 2.782889 53.853966  0.140848 -0.959258 0.244920  0.000000 0.000000 1 62 1.000000
0  -21.401966 1.593865 54.696213  0.301020 -0.004876 0.953605  0.000000 0.000000 1 62 1.000000
  phy
0  -21.217669 2.026917 53.643398  -0.629608 -0.773266 -0.075197  0.000000 0.000000 1 62 1.000000
0  -21.401966 1.593865 54.696213  0.301020 -0.004876 0.953605  0.000000 0.000000 1 62 1.000000
0  -21.155334 0.249763 53.744884  -0.376236 0.620004 0.688507  0.000000 0.000000 1 62 1.000000
  phy
0  -21.401966 1.593865 54.696213  0.301020 -0.004876 0.953605  0.000000 0.000000 1 62 1.000000
0  -23.290079 2.782889 53.853966  0.140848 -0.959258 0.244920  0.000000 0.000000 1 62 1.000000
0  -25.087961 1.826742 54.558651  0.587821 -0.418697 0.692214  0.000000 0.000000 1 62 1.000000
  phy
0  0.008185 4.537097 61.429676  -0.484407 0.180944 0.855926  0.000000 0.000000 1 6 1.000000
0  1.353901 3.183937 59.703262  -0.539180 0.432973 0.722371  0.000000 0.000000 1 6 1.000000
0  -0.016410 3.423642 59.741627  -0.582332 0.178040 0.793216  0.000000 0.000000 1 6 1.000000
  phy
0  0.008185 4.537097 61.429676  -0.484407 0.180944 0.855926  0.000000 0.000000 1 6 1.000000
0  1.304266 4.240319 61.399906  -0.435598 0.481670 0.760426  0.000000 0.000000 1 6 1.000000
0  1.353901 3.183937 59.703262  -0.539180 0.432973 0.722371  0.000000 0.000000 1 6 1.000000
  phy
0  -0.014007 5.579238 63.505264  -0.114233 0.185980 0.975890  0.000000 0.000000 1 6 1.000000
0  1.517338 5.259220 63.472282  -0.187164 0.455813 0.870175  0.000000 0.000000 1 6 1.000000
0  0.008185 4.537097 61.429676  -0.484407 0.180944 0.855926  0.000000 0.000000 1 6 1.000000
  phy
0  1.517338 5.259220 63.472282  -0.187164 0.455813 0.870175  0.000000 0.000000 1 6 1.000000
0  1.304266 4.240319 61.399906  -0.435598 0.481670 0.760426  0.000000 0.000000 1 6 1.000000
0  0.008185 4.537097 61.429676  -0.484407 0.180944 0.855926  0.000000 0.000000 1 6 1.000000
  phy
0  -1.287910 4.238938 61.399364  -0.448316 -0.125953 0.884957  0.000000 0.000000 1 6 1.000000
0  -1.545408 5.259132 63.472412  -0.267764 -0.130305 0.954632  0.000000 0.000000 1 6 1.000000
0  0.008185 4.537097 61.429676  -0.484407 0.180944 0.855926  0.000000 0.000000 1 6 1.000000
  phy
0  -1.545408 5.259132 63.472412  -0.267764 -0.130305 0.954632  0.000000 0.000000 1 6 1.000000
0  -0.014007 5.579238 63.505264  -0.114233 0.185980 0.975890  0.000000 0.000000 1 6 1.000000
0  0.008185 4.537097 61.429676  -0.484407 0.180944 0.855926  0.000000 0.000000 1 6 1.000000
  phy
0  0.008185 4.537097 61.429676  -0.484407 0.180944 0.855926  0.000000 0.000000 1 6 1.000000
0  -1.386742 3.182603 59.702808  -0.580921 -0.073280 0.810654  0.000000 0.000000 1 6 1.000000
0  -1.287910 4.238938 61.399364  -0.448316 -0.125953 0.884957  0.000000 0.000000 1 6 1.000000
  phy
0  -0.016410 3.423642 59.741627  -0.582332 0.178040 0.793216  0.000000 0.000000 1 6 1.000000
0  -1.386742 3.182603 59.702808  -0.580921 -0.073280 0.810654  0.000000 0.000000 1 6 1.000000
0  0.008185 4.537097 61.429676  -0.484407 0.180944 0.855926  0.000000 0.000000 1 6 1.000000
  phy
0  3.242007 1.527962 67.239639  0.719559 0.693713 0.031591  0.000000 0.000000 1 6 1.000000
0  3.488383 0.155248 66.985092  0.589904 0.797092 -0.129061  0.000000 0.000000 1 6 1.000000
0  4.087041 2.653607 65.862946  0.269046 0.954671 0.127346  0.000000 0.000000 1 6 1.000000
  phy
0  4.087041 2.653607 65.862946  0.269046 0.954671 0.127346  0.000000 0.000000 1 6 1.000000
0  3.488383 0.155248 66.985092  0.589904 0.797092 -0.129061  0.000000 0.000000 1 6 1.000000
0  4.425017 0.591482 65.529282  0.330972 0.913398 -0.236986  0.000000 0.000000 1 6 1.000000
  phy
0  4.425017 0.591482 65.529282  0.330972 0.913398 -0.236986  0.000000 0.000000 1 6 1.000000
0  3.488383 0.155248 66.985092  0.589904 0.797092 -0.129061  0.000000 0.000000 1 6 1.000000
0  3.253435 -1.750673 66.977295  0.579553 0.715348 -0.390379  0.000000 0.000000 1 6 1.000000
  phy
0  3.242007 1.527962 67.239639  0.719559 0.693713 0.031591  0.000000 0.000000 1 6 1.000000
0  2.191798 -0.096185 67.991913  0.886253 0.411930 -0.211825  0.000000 0.000000 1 6 1.000000
0  3.488383 0.155248 66.985092  0.589904 0.797092 -0.129061  0.000000 0.000000 1 6 1.000000
  phy
0  2.191798 -0.096185 67.991913  0.886253 0.411930 -0.211825  0.000000 0.000000 1 6 1.000000
0  3.253435 -1.750673 66.977295  0.579553 0.715348 -0.390379  0.000000 0.000000 1 6 1.000000
0  3.488383 0.155248 66.985092  0.589904 0.797092 -0.129061  0.000000 0.000000 1 6 1.000000
  phy
0  -0.859834 -2.100047 67.628815  0.863264 -0.190260 -0.467521  0.000000 0.000000 1 6 1.000000
0  -1.321296 -3.379171 66.729218  0.665689 -0.330414 -0.669092  0.000000 0.000000 1 6 1.000000
0  0.018558 -3.604216 66.675323  0.743266 -0.139791 -0.654228  0.000000 0.000000 1 6 1.000000
  phy
0  0.018558 -3.604216 66.675323  0.743266 -0.139791 -0.654228  0.000000 0.000000 1 6 1.000000
0  0.829359 -2.100088 67.628830  0.875114 -0.032409 -0.482831  0.000000 0.000000 1 6 1.000000
0  -0.859834 -2.100047 67.628815  0.863264 -0.190260 -0.467521  0.000000 0.000000 1 6 1.000000
  phy
0  1.358476 -3.378780 66.728058  0.688433 0.026238 -0.724825  0.000000 0.000000 1 6 1.000000
0  0.829359 -2.100088 67.628830  0.875114 -0.032409 -0.482831  0.000000 0.000000 1 6 1.000000
0  0.018558 -3.604216 66.675323  0.743266 -0.139791 -0.654228  0.000000 0.000000 1 6 1.000000
  phy
0  0.018558 -3.604216 66.675323  0.743266 -0.139791 -0.654228  0.000000 0.000000 1 6 1.000000
0  0.050270 -4.850703 65.179642  0.250307 -0.192124 -0.948913  0.000000 0.000000 1 6 1.000000
0  1.358476 -3.378780 66.728058  0.688433 0.026238 -0.724825  0.000000 0.000000 1 6 1.000000
  phy
0  0.050270 -4.850703 65.179642  0.250307 -0.192124 -0.948913  0.000000 0.000000 1 6 1.000000
0  0.018558 -3.604216 66.675323  0.743266 -0.139791 -0.654228  0.000000 0.000000 1 6 1.000000
0  -1.321296 -3.379171 66.729218  0.665689 -0.330414 -0.669092  0.000000 0.000000 1 6 1.000000
  phy
0  1.545394 1.539530 68.265930  0.930421 0.356241 0.086081  0.000000 0.000000 1 6 1.000000
0  0.788712 1.972278 68.309052  0.953683 0.185171 0.237067  0.000000 0.000000 1 6 1.000000
0  -0.015179 -0.196464 68.276855  0.983768 -0.049579 -0.172461  0.000000 0.000000 1 6 1.000000
  phy
0  0.788712 1.972278 68.309052  0.953683 0.185171 0.237067  0.000000 0.000000 1 6 1.000000
0  -0.015265 2.095150 68.323914  0.939938 0.056058 0.336709  0.000000 0.000000 1 6 1.000000
0  -0.015179 -0.196464 68.276855  0.983768 -0.049579 -0.172461  0.000000 0.000000 1 6 1.000000
  phy
0  -0.819047 1.972331 68.309067  0.956515 -0.118569 0.266496  0.000000 0.000000 1 6 1.000000
0  -1.575855 1.539570 68.265945  0.944939 -0.287692 0.155962  0.000000 0.000000 1 6 1.000000
0  -0.015179 -0.196464 68.276855  0.983768 -0.049579 -0.172461  0.000000 0.000000 1 6 1.000000
  phy
0  -0.015179 -0.196464 68.276855  0.983768 -0.049579 -0.172461  0.000000 0.000000 1 6 1.000000
0  -0.015265 2.095150 68.323914  0.939938 0.056058 0.336709  0.000000 0.000000 1 6 1.000000
0  -0.819047 1.972331 68.309067  0.956515 -0.118569 0.266496  0.000000 0.000000 1 6 1.000000
  phy
0  -0.859834 -2.100047 67.628815  0.863264 -0.190260 -0.467521  0.000000 0.000000 1 6 1.000000
0  0.829359 -2.100088 67.628830  0.875114 -0.032409 -0.482831  0.000000 0.000000 1 6 1.000000
0  -0.015179 -0.196464 68.276855  0.983768 -0.049579 -0.172461  0.000000 0.000000 1 6 1.000000
  phy
0  -0.015179 -0.196464 68.276855  0.983768 -0.049579 -0.172461  0.000000 0.000000 1 6 1.000000
0  0.829359 -2.100088 67.628830  0.875114 -0.032409 -0.482831  0.000000 0.000000 1 6 1.000000
0  1.536578 -1.656610 67.719421  0.911907 0.186471 -0.365587  0.000000 0.000000 1 6 1.000000
  phy
0  -2.054282 0.760405 68.131866  0.936556 -0.350515 0.001499  0.000000 0.000000 1 6 1.000000
0  -2.222301 -0.096183 67.991913  0.873336 -0.475633 -0.105152  0.000000 0.000000 1 6 1.000000
0  -0.015179 -0.196464 68.276855  0.983768 -0.049579 -0.172461  0.000000 0.000000 1 6 1.000000
  phy
0  -0.015179 -0.196464 68.276855  0.983768 -0.049579 -0.172461  0.000000 0.000000 1 6 1.000000
0  -1.575855 1.539570 68.265945  0.944939 -0.287692 0.155962  0.000000 0.000000 1 6 1.000000
0  -2.054282 0.760405 68.131866  0.936556 -0.350515 0.001499  0.000000 0.000000 1 6 1.000000
  phy
0  -0.015179 -0.196464 68.276855  0.983768 -0.049579 -0.172461  0.000000 0.000000 1 6 1.000000
0  -1.575894 -1.644077 67.721649  0.901281 -0.313332 -0.299191  0.000000 0.000000 1 6 1.000000
0  -0.859834 -2.100047 67.628815  0.863264 -0.190260 -0.467521  0.000000 0.000000 1 6 1.000000
  phy
0  -0.015179 -0.196464 68.276855  0.983768 -0.049579 -0.172461  0.000000 0.000000 1 6 1.000000
0  2.023818 0.760427 68.131897  0.936704 0.344127 -0.064510  0.000000 0.000000 1 6 1.000000
0  1.545394 1.539530 68.265930  0.930421 0.356241 0.086081  0.000000 0.000000 1 6 1.000000
  phy
0  2.191798 -0.096185 67.991913  0.886253 0.411930 -0.211825  0.000000 0.000000 1 6 1.000000
0  2.023818 0.760427 68.131897  0.936704 0.344127 -0.064510  0.000000 0.000000 1 6 1.000000
0  -0.015179 -0.196464 68.276855  0.983768 -0.049579 -0.172461  0.000000 0.000000 1 6 1.000000
  phy
0  -0.015179 -0.196464 68.276855  0.983768 -0.049579 -0.172461  0.000000 0.000000 1 6 1.000000
0  1.536578 -1.656610 67.719421  0.911907 0.186471 -0.365587  0.000000 0.000000 1 6 1.000000
0  2.191798 -0.096185 67.991913  0.886253 0.411930 -0.211825  0.000000 0.000000 1 6 1.000000
  phy
0  -0.015179 -0.196464 68.276855  0.983768 -0.049579 -0.172461  0.000000 0.000000 1 6 1.000000
0  -2.222301 -0.096183 67.991913  0.873336 -0.475633 -0.105152  0.000000 0.000000 1 6 1.000000
0  -1.575894 -1.644077 67.721649  0.901281 -0.313332 -0.299191  0.000000 0.000000 1 6 1.000000
  phy
0  -1.321296 -3.379171 66.729218  0.665689 -0.330414 -0.669092  0.000000 0.000000 1 6 1.000000
0  -2.457211 -2.760007 66.823181  0.678725 -0.517564 -0.521018  0.000000 0.000000 1 6 1.000000
0  -1.615045 -4.546161 65.193054  0.273659 -0.560855 -0.781378  0.000000 0.000000 1 6 1.000000
  phy
0  -2.457211 -2.760007 66.823181  0.678725 -0.517564 -0.521018  0.000000 0.000000 1 6 1.000000
0  -3.086968 -3.579728 65.317291  0.336643 -0.841065 -0.423415  0.000000 0.000000 1 6 1.000000
0  -1.615045 -4.546161 65.193054  0.273659 -0.560855 -0.781378  0.000000 0.000000 1 6 1.000000
  phy
0  -0.859834 -2.100047 67.628815  0.863264 -0.190260 -0.467521  0.000000 0.000000 1 6 1.000000
0  -1.575894 -1.644077 67.721649  0.901281 -0.313332 -0.299191  0.000000 0.000000 1 6 1.000000
0  -2.457211 -2.760007 66.823181  0.678725 -0.517564 -0.521018  0.000000 0.000000 1 6 1.000000
  phy
0  -2.457211 -2.760007 66.823181  0.678725 -0.517564 -0.521018  0.000000 0.000000 1 6 1.000000
0  -1.321296 -3.379171 66.729218  0.665689 -0.330414 -0.669092  0.000000 0.000000 1 6 1.000000
0  -0.859834 -2.100047 67.628815  0.863264 -0.190260 -0.467521  0.000000 0.000000 1 6 1.000000
  phy
0  -2.457211 -2.760007 66.823181  0.678725 -0.517564 -0.521018  0.000000 0.000000 1 6 1.000000
0  -3.216209 -1.754218 66.979614  0.585950 -0.796808 -0.147511  0.000000 0.000000 1 6 1.000000
0  -3.086968 -3.579728 65.317291  0.336643 -0.841065 -0.423415  0.000000 0.000000 1 6 1.000000
  phy
0  -1.575894 -1.644077 67.721649  0.901281 -0.313332 -0.299191  0.000000 0.000000 1 6 1.000000
0  -3.216209 -1.754218 66.979614  0.585950 -0.796808 -0.147511  0.000000 0.000000 1 6 1.000000
0  -2.457211 -2.760007 66.823181  0.678725 -0.517564 -0.521018  0.000000 0.000000 1 6 1.000000
  phy
0  -3.324698 1.355552 59.475651  -0.575957 -0.631288 0.519373  0.000000 0.000000 1 6 1.000000
0  -4.676097 0.581459 60.935146  -0.360488 -0.858112 0.365639  0.000000 0.000000 1 6 1.000000
0  -3.057234 3.410373 61.319107  -0.459012 -0.460383 0.759839  0.000000 0.000000 1 6 1.000000
  phy
0  -3.057234 3.410373 61.319107  -0.459012 -0.460383 0.759839  0.000000 0.000000 1 6 1.000000
0  -4.676097 0.581459 60.935146  -0.360488 -0.858112 0.365639  0.000000 0.000000 1 6 1.000000
0  -3.635932 4.368051 63.389637  -0.128430 -0.648203 0.750558  0.000000 0.000000 1 6 1.000000
  phy
0  -2.548480 2.475248 59.632481  -0.617567 -0.364180 0.697125  0.000000 0.000000 1 6 1.000000
0  -3.324698 1.355552 59.475651  -0.575957 -0.631288 0.519373  0.000000 0.000000 1 6 1.000000
0  -3.057234 3.410373 61.319107  -0.459012 -0.460383 0.759839  0.000000 0.000000 1 6 1.000000
  phy
0  -1.287910 4.238938 61.399364  -0.448316 -0.125953 0.884957  0.000000 0.000000 1 6 1.000000
0  -1.386742 3.182603 59.702808  -0.580921 -0.073280 0.810654  0.000000 0.000000 1 6 1.000000
0  -3.057234 3.410373 61.319107  -0.459012 -0.460383 0.759839  0.000000 0.000000 1 6 1.000000
  phy
0  -3.057234 3.410373 61.319107  -0.459012 -0.460383 0.759839  0.000000 0.000000 1 6 1.000000
0  -3.635932 4.368051 63.389637  -0.128430 -0.648203 0.750558  0.000000 0.000000 1 6 1.000000
0  -1.287910 4.238938 61.399364  -0.448316 -0.125953 0.884957  0.000000 0.000000 1 6 1.000000
  phy
0  -3.057234 3.410373 61.319107  -0.459012 -0.460383 0.759839  0.000000 0.000000 1 6 1.000000
0  -1.386742 3.182603 59.702808  -0.580921 -0.073280 0.810654  0.000000 0.000000 1 6 1.000000
0  -2.548480 2.475248 59.632481  -0.617567 -0.364180 0.697125  0.000000 0.000000 1 6 1.000000
  phy
0  -1.287910 4.238938 61.399364  -0.448316 -0.125953 0.884957  0.000000 0.000000 1 6 1.000000
0  -3.635932 4.368051 63.389637  -0.128430 -0.648203 0.750558  0.000000 0.000000 1 6 1.000000
0  -1.545408 5.259132 63.472412  -0.267764 -0.130305 0.954632  0.000000 0.000000 1 6 1.000000
  phy
0  3.242007 1.527962 67.239639  0.719559 0.693713 0.031591  0.000000 0.000000 1 6 1.000000
0  2.023818 0.760427 68.131897  0.936704 0.344127 -0.064510  0.000000 0.000000 1 6 1.000000
0  2.191798 -0.096185 67.991913  0.886253 0.411930 -0.211825  0.000000 0.000000 1 6 1.000000
  phy
0  1.545394 1.539530 68.265930  0.930421 0.356241 0.086081  0.000000 0.000000 1 6 1.000000
0  2.023818 0.760427 68.131897  0.936704 0.344127 -0.064510  0.000000 0.000000 1 6 1.000000
0  3.242007 1.527962 67.239639  0.719559 0.693713 0.031591  0.000000 0.000000 1 6 1.000000
  phy
0  3.242007 1.527962 67.239639  0.719559 0.693713 0.031591  0.000000 0.000000 1 6 1.000000
0  2.462898 2.737692 67.455215  0.740751 0.569594 0.356161  0.000000 0.000000 1 6 1.000000
0  1.545394 1.539530 68.265930  0.930421 0.356241 0.086081  0.000000 0.000000 1 6 1.000000
  phy
0  3.242007 1.527962 67.239639  0.719559 0.693713 0.031591  0.000000 0.000000 1 6 1.000000
0  4.087041 2.653607 65.862946  0.269046 0.954671 0.127346  0.000000 0.000000 1 6 1.000000
0  2.462898 2.737692 67.455215  0.740751 0.569594 0.356161  0.000000 0.000000 1 6 1.000000
  phy
0  1.545394 1.539530 68.265930  0.930421 0.356241 0.086081  0.000000 0.000000 1 6 1.000000
0  2.462898 2.737692 67.455215  0.740751 0.569594 0.356161  0.000000 0.000000 1 6 1.000000
0  0.788712 1.972278 68.309052  0.953683 0.185171 0.237067  0.000000 0.000000 1 6 1.000000
  phy
0  3.612617 -3.606783 63.328270  -0.026747 0.771257 -0.635962  0.000000 0.000000 1 6 1.000000
0  3.190039 -3.551362 65.331482  0.262745 0.531562 -0.805237  0.000000 0.000000 1 6 1.000000
0  1.822145 -5.103224 61.479599  -0.207421 0.310811 -0.927563  0.000000 0.000000 1 6 1.000000
  phy
0  3.190039 -3.551362 65.331482  0.262745 0.531562 -0.805237  0.000000 0.000000 1 6 1.000000
0  1.726579 -4.545024 65.190445  0.324115 0.180598 -0.928619  0.000000 0.000000 1 6 1.000000
0  1.822145 -5.103224 61.479599  -0.207421 0.310811 -0.927563  0.000000 0.000000 1 6 1.000000
  phy
0  3.190039 -3.551362 65.331482  0.262745 0.531562 -0.805237  0.000000 0.000000 1 6 1.000000
0  2.494450 -2.753213 66.821381  0.689458 0.230119 -0.686799  0.000000 0.000000 1 6 1.000000
0  1.726579 -4.545024 65.190445  0.324115 0.180598 -0.928619  0.000000 0.000000 1 6 1.000000
  phy
0  2.494450 -2.753213 66.821381  0.689458 0.230119 -0.686799  0.000000 0.000000 1 6 1.000000
0  3.190039 -3.551362 65.331482  0.262745 0.531562 -0.805237  0.000000 0.000000 1 6 1.000000
0  3.253435 -1.750673 66.977295  0.579553 0.715348 -0.390379  0.000000 0.000000 1 6 1.000000
  phy
0  4.087006 -1.476377 65.150131  0.228729 0.862053 -0.452270  0.000000 0.000000 1 6 1.000000
0  3.190039 -3.551362 65.331482  0.262745 0.531562 -0.805237  0.000000 0.000000 1 6 1.000000
0  3.612617 -3.606783 63.328270  -0.026747 0.771257 -0.635962  0.000000 0.000000 1 6 1.000000
  phy
0  3.190039 -3.551362 65.331482  0.262745 0.531562 -0.805237  0.000000 0.000000 1 6 1.000000
0  4.087006 -1.476377 65.150131  0.228729 0.862053 -0.452270  0.000000 0.000000 1 6 1.000000
0  3.253435 -1.750673 66.977295  0.579553 0.715348 -0.390379  0.000000 0.000000 1 6 1.000000
  phy
0  1.353901 3.183937 59.703262  -0.539180 0.432973 0.722371  0.000000 0.000000 1 6 1.000000
0  0.443635 1.864375 58.041962  -0.706884 0.214152 0.674132  0.000000 0.000000 1 6 1.000000
0  -0.016410 3.423642 59.741627  -0.582332 0.178040 0.793216  0.000000 0.000000 1 6 1.000000
  phy
0  -0.016410 3.423642 59.741627  -0.582332 0.178040 0.793216  0.000000 0.000000 1 6 1.000000
0  0.443635 1.864375 58.041962  -0.706884 0.214152 0.674132  0.000000 0.000000 1 6 1.000000
0  -1.386742 3.182603 59.702808  -0.580921 -0.073280 0.810654  0.000000 0.000000 1 6 1.000000
  phy
0  0.050270 -4.850703 65.179642  0.250307 -0.192124 -0.948913  0.000000 0.000000 1 6 1.000000
0  0.031736 -5.432793 61.448128  -0.154092 -0.164420 -0.974280  0.000000 0.000000 1 6 1.000000
0  1.822145 -5.103224 61.479599  -0.207421 0.310811 -0.927563  0.000000 0.000000 1 6 1.000000
  phy
0  1.726579 -4.545024 65.190445  0.324115 0.180598 -0.928619  0.000000 0.000000 1 6 1.000000
0  0.050270 -4.850703 65.179642  0.250307 -0.192124 -0.948913  0.000000 0.000000 1 6 1.000000
0  1.822145 -5.103224 61.479599  -0.207421 0.310811 -0.927563  0.000000 0.000000 1 6 1.000000
  phy
0  0.031736 -5.432793 61.448128  -0.154092 -0.164420 -0.974280  0.000000 0.000000 1 6 1.000000
0  0.050270 -4.850703 65.179642  0.250307 -0.192124 -0.948913  0.000000 0.000000 1 6 1.000000
0  -1.758694 -5.102758 61.479374  -0.140287 -0.580543 -0.802053  0.000000 0.000000 1 6 1.000000
  phy
0  -1.758694 -5.102758 61.479374  -0.140287 -0.580543 -0.802053  0.000000 0.000000 1 6 1.000000
0  0.050270 -4.850703 65.179642  0.250307 -0.192124 -0.948913  0.000000 0.000000 1 6 1.000000
0  -1.615045 -4.546161 65.193054  0.273659 -0.560855 -0.781378  0.000000 0.000000 1 6 1.000000
  phy
0  0.050270 -4.850703 65.179642  0.250307 -0.192124 -0.948913  0.000000 0.000000 1 6 1.000000
0  -1.321296 -3.379171 66.729218  0.665689 -0.330414 -0.669092  0.000000 0.000000 1 6 1.000000
0  -1.615045 -4.546161 65.193054  0.273659 -0.560855 -0.781378  0.000000 0.000000 1 6 1.000000
  phy
0  1.358476 -3.378780 66.728058  0.688433 0.026238 -0.724825  0.000000 0.000000 1 6 1.000000
0  0.050270 -4.850703 65.179642  0.250307 -0.192124 -0.948913  0.000000 0.000000 1 6 1.000000
0  1.726579 -4.545024 65.190445  0.324115 0.180598 -0.928619  0.000000 0.000000 1 6 1.000000
  phy
0  1.536578 -1.656610 67.719421  0.911907 0.186471 -0.365587  0.000000 0.000000 1 6 1.000000
0  3.253435 -1.750673 66.977295  0.579553 0.715348 -0.390379  0.000000 0.000000 1 6 1.000000
0  2.191798 -0.096185 67.991913  0.886253 0.411930 -0.211825  0.000000 0.000000 1 6 1.000000
  phy
0  -2.054282 0.760405 68.131866  0.936556 -0.350515 0.001499  0.000000 0.000000 1 6 1.000000
0  -3.247775 1.536524 67.255859  0.722585 -0.659686 0.206604  0.000000 0.000000 1 6 1.000000
0  -2.222301 -0.096183 67.991913  0.873336 -0.475633 -0.105152  0.000000 0.000000 1 6 1.000000
  phy
0  -1.575855 1.539570 68.265945  0.944939 -0.287692 0.155962  0.000000 0.000000 1 6 1.000000
0  -3.247775 1.536524 67.255859  0.722585 -0.659686 0.206604  0.000000 0.000000 1 6 1.000000
0  -2.054282 0.760405 68.131866  0.936556 -0.350515 0.001499  0.000000 0.000000 1 6 1.000000
  phy
0  -2.222301 -0.096183 67.991913  0.873336 -0.475633 -0.105152  0.000000 0.000000 1 6 1.000000
0  -3.216209 -1.754218 66.979614  0.585950 -0.796808 -0.147511  0.000000 0.000000 1 6 1.000000
0  -1.575894 -1.644077 67.721649  0.901281 -0.313332 -0.299191  0.000000 0.000000 1 6 1.000000
  phy
0  -1.386803 -0.861449 57.461662  -0.928614 -0.349837 0.123656  0.000000 0.000000 1 6 1.000000
0  1.268003 -0.725360 57.427322  -0.964318 0.251650 0.082234  0.000000 0.000000 1 6 1.000000
0  0.031729 -3.609453 57.291973  -0.685631 -0.131260 -0.716017  0.000000 0.000000 1 6 1.000000
  phy
0  -0.860497 -3.357528 57.319485  -0.586618 -0.662122 -0.466340  0.000000 0.000000 1 6 1.000000
0  -1.386803 -0.861449 57.461662  -0.928614 -0.349837 0.123656  0.000000 0.000000 1 6 1.000000
0  0.031729 -3.609453 57.291973  -0.685631 -0.131260 -0.716017  0.000000 0.000000 1 6 1.000000
  phy
0  -3.597286 0.219203 59.346504  -0.706144 -0.667708 0.235643  0.000000 0.000000 1 6 1.000000
0  -1.386803 -0.861449 57.461662  -0.928614 -0.349837 0.123656  0.000000 0.000000 1 6 1.000000
0  -3.171886 -1.776679 58.851841  -0.629259 -0.776900 -0.021416  0.000000 0.000000 1 6 1.000000
  phy
0  -1.386803 -0.861449 57.461662  -0.928614 -0.349837 0.123656  0.000000 0.000000 1 6 1.000000
0  -3.597286 0.219203 59.346504  -0.706144 -0.667708 0.235643  0.000000 0.000000 1 6 1.000000
0  -1.165031 1.245002 57.807144  -0.877132 -0.235758 0.418400  0.000000 0.000000 1 6 1.000000
  phy
0  1.268003 -0.725360 57.427322  -0.964318 0.251650 0.082234  0.000000 0.000000 1 6 1.000000
0  -1.386803 -0.861449 57.461662  -0.928614 -0.349837 0.123656  0.000000 0.000000 1 6 1.000000
0  -1.165031 1.245002 57.807144  -0.877132 -0.235758 0.418400  0.000000 0.000000 1 6 1.000000
  phy
0  -3.171886 -1.776679 58.851841  -0.629259 -0.776900 -0.021416  0.000000 0.000000 1 6 1.000000
0  -1.386803 -0.861449 57.461662  -0.928614 -0.349837 0.123656  0.000000 0.000000 1 6 1.000000
0  -0.860497 -3.357528 57.319485  -0.586618 -0.662122 -0.466340  0.000000 0.000000 1 6 1.000000
  phy
0  -3.597286 0.219203 59.346504  -0.706144 -0.667708 0.235643  0.000000 0.000000 1 6 1.000000
0  -3.324698 1.355552 59.475651  -0.575957 -0.631288 0.519373  0.000000 0.000000 1 6 1.000000
0  -1.165031 1.245002 57.807144  -0.877132 -0.235758 0.418400  0.000000 0.000000 1 6 1.000000
  phy
0  -3.171886 -1.776679 58.851841  -0.629259 -0.776900 -0.021416  0.000000 0.000000 1 6 1.000000
0  -4.676097 0.581459 60.935146  -0.360488 -0.858112 0.365639  0.000000 0.000000 1 6 1.000000
0  -3.597286 0.219203 59.346504  -0.706144 -0.667708 0.235643  0.000000 0.000000 1 6 1.000000
  phy
0  -3.597286 0.219203 59.346504  -0.706144 -0.667708 0.235643  0.000000 0.000000 1 6 1.000000
0  -4.676097 0.581459 60.935146  -0.360488 -0.858112 0.365639  0.000000 0.000000 1 6 1.000000
0  -3.324698 1.355552 59.475651  -0.575957 -0.631288 0.519373  0.000000 0.000000 1 6 1.000000
  phy
0  -1.386742 3.182603 59.702808  -0.580921 -0.073280 0.810654  0.000000 0.000000 1 6 1.000000
0  -1.165031 1.245002 57.807144  -0.877132 -0.235758 0.418400  0.000000 0.000000 1 6 1.000000
0  -2.548480 2.475248 59.632481  -0.617567 -0.364180 0.697125  0.000000 0.000000 1 6 1.000000
  phy
0  -3.324698 1.355552 59.475651  -0.575957 -0.631288 0.519373  0.000000 0.000000 1 6 1.000000
0  -2.548480 2.475248 59.632481  -0.617567 -0.364180 0.697125  0.000000 0.000000 1 6 1.000000
0  -1.165031 1.245002 57.807144  -0.877132 -0.235758 0.418400  0.000000 0.000000 1 6 1.000000
  phy
0  -1.545408 5.259132 63.472412  -0.267764 -0.130305 0.954632  0.000000 0.000000 1 6 1.000000
0  -1.714434 5.220972 66.107666  0.272257 -0.249163 0.929405  0.000000 0.000000 1 6 1.000000
0  -0.014007 5.579238 63.505264  -0.114233 0.185980 0.975890  0.000000 0.000000 1 6 1.000000
  phy
0  -3.635932 4.368051 63.389637  -0.128430 -0.648203 0.750558  0.000000 0.000000 1 6 1.000000
0  -1.714434 5.220972 66.107666  0.272257 -0.249163 0.929405  0.000000 0.000000 1 6 1.000000
0  -1.545408 5.259132 63.472412  -0.267764 -0.130305 0.954632  0.000000 0.000000 1 6 1.000000
  phy
0  3.124520 4.281333 66.017303  0.381751 0.791544 0.477205  0.000000 0.000000 1 6 1.000000
0  4.087041 2.653607 65.862946  0.269046 0.954671 0.127346  0.000000 0.000000 1 6 1.000000
0  3.607910 4.368601 63.389252  -0.144104 0.878499 0.455493  0.000000 0.000000 1 6 1.000000
  phy
0  3.607910 4.368601 63.389252  -0.144104 0.878499 0.455493  0.000000 0.000000 1 6 1.000000
0  4.087041 2.653607 65.862946  0.269046 0.954671 0.127346  0.000000 0.000000 1 6 1.000000
0  5.047678 0.322450 62.850517  -0.023558 0.970413 -0.240298  0.000000 0.000000 1 6 1.000000
  phy
0  4.087041 2.653607 65.862946  0.269046 0.954671 0.127346  0.000000 0.000000 1 6 1.000000
0  4.425017 0.591482 65.529282  0.330972 0.913398 -0.236986  0.000000 0.000000 1 6 1.000000
0  5.047678 0.322450 62.850517  -0.023558 0.970413 -0.240298  0.000000 0.000000 1 6 1.000000
  phy
0  4.087041 2.653607 65.862946  0.269046 0.954671 0.127346  0.000000 0.000000 1 6 1.000000
0  3.124520 4.281333 66.017303  0.381751 0.791544 0.477205  0.000000 0.000000 1 6 1.000000
0  2.462898 2.737692 67.455215  0.740751 0.569594 0.356161  0.000000 0.000000 1 6 1.000000
  phy
0  3.124520 4.281333 66.017303  0.381751 0.791544 0.477205  0.000000 0.000000 1 6 1.000000
0  3.607910 4.368601 63.389252  -0.144104 0.878499 0.455493  0.000000 0.000000 1 6 1.000000
0  1.683997 5.221140 66.107483  0.301503 0.501222 0.811093  0.000000 0.000000 1 6 1.000000
  phy
0  1.683997 5.221140 66.107483  0.301503 0.501222 0.811093  0.000000 0.000000 1 6 1.000000
0  3.607910 4.368601 63.389252  -0.144104 0.878499 0.455493  0.000000 0.000000 1 6 1.000000
0  1.517338 5.259220 63.472282  -0.187164 0.455813 0.870175  0.000000 0.000000 1 6 1.000000
  phy
0  1.683997 5.221140 66.107483  0.301503 0.501222 0.811093  0.000000 0.000000 1 6 1.000000
0  1.517338 5.259220 63.472282  -0.187164 0.455813 0.870175  0.000000 0.000000 1 6 1.000000
0  -0.014007 5.579238 63.505264  -0.114233 0.185980 0.975890  0.000000 0.000000 1 6 1.000000
  phy
0  -0.014007 5.579238 63.505264  -0.114233 0.185980 0.975890  0.000000 0.000000 1 6 1.000000
0  -0.015240 5.552444 66.139328  0.543528 0.130667 0.829158  0.000000 0.000000 1 6 1.000000
0  1.683997 5.221140 66.107483  0.301503 0.501222 0.811093  0.000000 0.000000 1 6 1.000000
  phy
0  1.683997 5.221140 66.107483  0.301503 0.501222 0.811093  0.000000 0.000000 1 6 1.000000
0  2.462898 2.737692 67.455215  0.740751 0.569594 0.356161  0.000000 0.000000 1 6 1.000000
0  3.124520 4.281333 66.017303  0.381751 0.791544 0.477205  0.000000 0.000000 1 6 1.000000
  phy
0  1.326942 3.341819 67.514313  0.805595 0.264931 0.529933  0.000000 0.000000 1 6 1.000000
0  2.462898 2.737692 67.455215  0.740751 0.569594 0.356161  0.000000 0.000000 1 6 1.000000
0  1.683997 5.221140 66.107483  0.301503 0.501222 0.811093  0.000000 0.000000 1 6 1.000000
  phy
0  1.683997 5.221140 66.107483  0.301503 0.501222 0.811093  0.000000 0.000000 1 6 1.000000
0  -0.015240 5.552444 66.139328  0.543528 0.130667 0.829158  0.000000 0.000000 1 6 1.000000
0  1.326942 3.341819 67.514313  0.805595 0.264931 0.529933  0.000000 0.000000 1 6 1.000000
  phy
0  0.788712 1.972278 68.309052  0.953683 0.185171 0.237067  0.000000 0.000000 1 6 1.000000
0  2.462898 2.737692 67.455215  0.740751 0.569594 0.356161  0.000000 0.000000 1 6 1.000000
0  1.326942 3.341819 67.514313  0.805595 0.264931 0.529933  0.000000 0.000000 1 6 1.000000
  phy
0  1.326942 3.341819 67.514313  0.805595 0.264931 0.529933  0.000000 0.000000 1 6 1.000000
0  -0.015265 2.095150 68.323914  0.939938 0.056058 0.336709  0.000000 0.000000 1 6 1.000000
0  0.788712 1.972278 68.309052  0.953683 0.185171 0.237067  0.000000 0.000000 1 6 1.000000
  phy
0  4.425017 0.591482 65.529282  0.330972 0.913398 -0.236986  0.000000 0.000000 1 6 1.000000
0  4.087006 -1.476377 65.150131  0.228729 0.862053 -0.452270  0.000000 0.000000 1 6 1.000000
0  5.047678 0.322450 62.850517  -0.023558 0.970413 -0.240298  0.000000 0.000000 1 6 1.000000
  phy
0  4.087006 -1.476377 65.150131  0.228729 0.862053 -0.452270  0.000000 0.000000 1 6 1.000000
0  3.612617 -3.606783 63.328270  -0.026747 0.771257 -0.635962  0.000000 0.000000 1 6 1.000000
0  5.047678 0.322450 62.850517  -0.023558 0.970413 -0.240298  0.000000 0.000000 1 6 1.000000
  phy
0  4.087006 -1.476377 65.150131  0.228729 0.862053 -0.452270  0.000000 0.000000 1 6 1.000000
0  4.425017 0.591482 65.529282  0.330972 0.913398 -0.236986  0.000000 0.000000 1 6 1.000000
0  3.253435 -1.750673 66.977295  0.579553 0.715348 -0.390379  0.000000 0.000000 1 6 1.000000
  phy
0  1.353901 3.183937 59.703262  -0.539180 0.432973 0.722371  0.000000 0.000000 1 6 1.000000
0  1.304266 4.240319 61.399906  -0.435598 0.481670 0.760426  0.000000 0.000000 1 6 1.000000
0  3.073610 3.409497 61.319778  -0.406977 0.744317 0.529493  0.000000 0.000000 1 6 1.000000
  phy
0  3.073610 3.409497 61.319778  -0.406977 0.744317 0.529493  0.000000 0.000000 1 6 1.000000
0  1.304266 4.240319 61.399906  -0.435598 0.481670 0.760426  0.000000 0.000000 1 6 1.000000
0  3.607910 4.368601 63.389252  -0.144104 0.878499 0.455493  0.000000 0.000000 1 6 1.000000
  phy
0  3.073610 3.409497 61.319778  -0.406977 0.744317 0.529493  0.000000 0.000000 1 6 1.000000
0  2.459539 2.484635 59.577560  -0.608095 0.598853 0.521148  0.000000 0.000000 1 6 1.000000
0  1.353901 3.183937 59.703262  -0.539180 0.432973 0.722371  0.000000 0.000000 1 6 1.000000
  phy
0  3.073610 3.409497 61.319778  -0.406977 0.744317 0.529493  0.000000 0.000000 1 6 1.000000
0  3.607910 4.368601 63.389252  -0.144104 0.878499 0.455493  0.000000 0.000000 1 6 1.000000
0  4.662187 0.486514 60.913216  -0.351390 0.930272 0.105450  0.000000 0.000000 1 6 1.000000
  phy
0  3.073610 3.409497 61.319778  -0.406977 0.744317 0.529493  0.000000 0.000000 1 6 1.000000
0  4.662187 0.486514 60.913216  -0.351390 0.930272 0.105450  0.000000 0.000000 1 6 1.000000
0  3.291849 1.372889 59.452034  -0.567238 0.774877 0.278937  0.000000 0.000000 1 6 1.000000
  phy
0  2.459539 2.484635 59.577560  -0.608095 0.598853 0.521148  0.000000 0.000000 1 6 1.000000
0  3.073610 3.409497 61.319778  -0.406977 0.744317 0.529493  0.000000 0.000000 1 6 1.000000
0  3.291849 1.372889 59.452034  -0.567238 0.774877 0.278937  0.000000 0.000000 1 6 1.000000
  phy
0  1.268003 -0.725360 57.427322  -0.964318 0.251650 0.082234  0.000000 0.000000 1 6 1.000000
0  1.163037 1.244985 57.807133  -0.813216 0.534195 0.230901  0.000000 0.000000 1 6 1.000000
0  3.444660 -1.748139 58.706730  -0.482406 0.751678 -0.449739  0.000000 0.000000 1 6 1.000000
  phy
0  1.163037 1.244985 57.807133  -0.813216 0.534195 0.230901  0.000000 0.000000 1 6 1.000000
0  3.564418 0.240390 59.320160  -0.676284 0.730108 0.097886  0.000000 0.000000 1 6 1.000000
0  3.444660 -1.748139 58.706730  -0.482406 0.751678 -0.449739  0.000000 0.000000 1 6 1.000000
  phy
0  1.163037 1.244985 57.807133  -0.813216 0.534195 0.230901  0.000000 0.000000 1 6 1.000000
0  1.268003 -0.725360 57.427322  -0.964318 0.251650 0.082234  0.000000 0.000000 1 6 1.000000
0  -1.165031 1.245002 57.807144  -0.877132 -0.235758 0.418400  0.000000 0.000000 1 6 1.000000
  phy
0  0.443635 1.864375 58.041962  -0.706884 0.214152 0.674132  0.000000 0.000000 1 6 1.000000
0  1.163037 1.244985 57.807133  -0.813216 0.534195 0.230901  0.000000 0.000000 1 6 1.000000
0  -1.165031 1.245002 57.807144  -0.877132 -0.235758 0.418400  0.000000 0.000000 1 6 1.000000
  phy
0  3.564418 0.240390 59.320160  -0.676284 0.730108 0.097886  0.000000 0.000000 1 6 1.000000
0  1.163037 1.244985 57.807133  -0.813216 0.534195 0.230901  0.000000 0.000000 1 6 1.000000
0  3.291849 1.372889 59.452034  -0.567238 0.774877 0.278937  0.000000 0.000000 1 6 1.000000
  phy
0  1.163037 1.244985 57.807133  -0.813216 0.534195 0.230901  0.000000 0.000000 1 6 1.000000
0  0.443635 1.864375 58.041962  -0.706884 0.214152 0.674132  0.000000 0.000000 1 6 1.000000
0  2.459539 2.484635 59.577560  -0.608095 0.598853 0.521148  0.000000 0.000000 1 6 1.000000
  phy
0  1.163037 1.244985 57.807133  -0.813216 0.534195 0.230901  0.000000 0.000000 1 6 1.000000
0  2.459539 2.484635 59.577560  -0.608095 0.598853 0.521148  0.000000 0.000000 1 6 1.000000
0  3.291849 1.372889 59.452034  -0.567238 0.774877 0.278937  0.000000 0.000000 1 6 1.000000
  phy
0  2.459539 2.484635 59.577560  -0.608095 0.598853 0.521148  0.000000 0.000000 1 6 1.000000
0  0.443635 1.864375 58.041962  -0.706884 0.214152 0.674132  0.000000 0.000000 1 6 1.000000
0  1.353901 3.183937 59.703262  -0.539180 0.432973 0.722371  0.000000 0.000000 1 6 1.000000
  phy
0  3.612617 -3.606783 63.328270  -0.026747 0.771257 -0.635962  0.000000 0.000000 1 6 1.000000
0  2.596258 -4.163747 61.568748  -0.229085 0.694728 -0.681816  0.000000 0.000000 1 6 1.000000
0  3.444660 -1.748139 58.706730  -0.482406 0.751678 -0.449739  0.000000 0.000000 1 6 1.000000
  phy
0  2.596258 -4.163747 61.568748  -0.229085 0.694728 -0.681816  0.000000 0.000000 1 6 1.000000
0  3.612617 -3.606783 63.328270  -0.026747 0.771257 -0.635962  0.000000 0.000000 1 6 1.000000
0  1.822145 -5.103224 61.479599  -0.207421 0.310811 -0.927563  0.000000 0.000000 1 6 1.000000
  phy
0  3.444660 -1.748139 58.706730  -0.482406 0.751678 -0.449739  0.000000 0.000000 1 6 1.000000
0  2.596258 -4.163747 61.568748  -0.229085 0.694728 -0.681816  0.000000 0.000000 1 6 1.000000
0  1.822145 -5.103224 61.479599  -0.207421 0.310811 -0.927563  0.000000 0.000000 1 6 1.000000
  phy
0  3.925416 -2.436122 62.028923  -0.150509 0.868851 -0.471640  0.000000 0.000000 1 6 1.000000
0  3.612617 -3.606783 63.328270  -0.026747 0.771257 -0.635962  0.000000 0.000000 1 6 1.000000
0  3.444660 -1.748139 58.706730  -0.482406 0.751678 -0.449739  0.000000 0.000000 1 6 1.000000
  phy
0  3.612617 -3.606783 63.328270  -0.026747 0.771257 -0.635962  0.000000 0.000000 1 6 1.000000
0  3.925416 -2.436122 62.028923  -0.150509 0.868851 -0.471640  0.000000 0.000000 1 6 1.000000
0  5.047678 0.322450 62.850517  -0.023558 0.970413 -0.240298  0.000000 0.000000 1 6 1.000000
  phy
0  3.925416 -2.436122 62.028923  -0.150509 0.868851 -0.471640  0.000000 0.000000 1 6 1.000000
0  3.444660 -1.748139 58.706730  -0.482406 0.751678 -0.449739  0.000000 0.000000 1 6 1.000000
0  5.047678 0.322450 62.850517  -0.023558 0.970413 -0.240298  0.000000 0.000000 1 6 1.000000
  phy
0  2.494450 -2.753213 66.821381  0.689458 0.230119 -0.686799  0.000000 0.000000 1 6 1.000000
0  1.358476 -3.378780 66.728058  0.688433 0.026238 -0.724825  0.000000 0.000000 1 6 1.000000
0  1.726579 -4.545024 65.190445  0.324115 0.180598 -0.928619  0.000000 0.000000 1 6 1.000000
  phy
0  2.494450 -2.753213 66.821381  0.689458 0.230119 -0.686799  0.000000 0.000000 1 6 1.000000
0  0.829359 -2.100088 67.628830  0.875114 -0.032409 -0.482831  0.000000 0.000000 1 6 1.000000
0  1.358476 -3.378780 66.728058  0.688433 0.026238 -0.724825  0.000000 0.000000 1 6 1.000000
  phy
0  -3.086968 -3.579728 65.317291  0.336643 -0.841065 -0.423415  0.000000 0.000000 1 6 1.000000
0  -3.549099 -3.629622 63.333958  0.024961 -0.902110 -0.430783  0.000000 0.000000 1 6 1.000000
0  -1.615045 -4.546161 65.193054  0.273659 -0.560855 -0.781378  0.000000 0.000000 1 6 1.000000
  phy
0  -3.549099 -3.629622 63.333958  0.024961 -0.902110 -0.430783  0.000000 0.000000 1 6 1.000000
0  -1.758694 -5.102758 61.479374  -0.140287 -0.580543 -0.802053  0.000000 0.000000 1 6 1.000000
0  -1.615045 -4.546161 65.193054  0.273659 -0.560855 -0.781378  0.000000 0.000000 1 6 1.000000
  phy
0  -3.549099 -3.629622 63.333958  0.024961 -0.902110 -0.430783  0.000000 0.000000 1 6 1.000000
0  -3.548663 -2.941606 60.049583  -0.249622 -0.894881 -0.369968  0.000000 0.000000 1 6 1.000000
0  -1.758694 -5.102758 61.479374  -0.140287 -0.580543 -0.802053  0.000000 0.000000 1 6 1.000000
  phy
0  -3.549099 -3.629622 63.333958  0.024961 -0.902110 -0.430783  0.000000 0.000000 1 6 1.000000
0  -5.080509 0.374590 62.856575  0.016496 -0.987016 0.159770  0.000000 0.000000 1 6 1.000000
0  -3.548663 -2.941606 60.049583  -0.249622 -0.894881 -0.369968  0.000000 0.000000 1 6 1.000000
  phy
0  -3.086968 -3.579728 65.317291  0.336643 -0.841065 -0.423415  0.000000 0.000000 1 6 1.000000
0  -4.117536 -1.440415 65.155472  0.238385 -0.965826 -0.101749  0.000000 0.000000 1 6 1.000000
0  -3.549099 -3.629622 63.333958  0.024961 -0.902110 -0.430783  0.000000 0.000000 1 6 1.000000
  phy
0  -4.117536 -1.440415 65.155472  0.238385 -0.965826 -0.101749  0.000000 0.000000 1 6 1.000000
0  -5.080509 0.374590 62.856575  0.016496 -0.987016 0.159770  0.000000 0.000000 1 6 1.000000
0  -3.549099 -3.629622 63.333958  0.024961 -0.902110 -0.430783  0.000000 0.000000 1 6 1.000000
  phy
0  -3.154956 4.280714 66.017654  0.421426 -0.593833 0.685392  0.000000 0.000000 1 6 1.000000
0  -3.635932 4.368051 63.389637  -0.128430 -0.648203 0.750558  0.000000 0.000000 1 6 1.000000
0  -4.117501 2.653261 65.863266  0.305400 -0.857155 0.414748  0.000000 0.000000 1 6 1.000000
  phy
0  -3.635932 4.368051 63.389637  -0.128430 -0.648203 0.750558  0.000000 0.000000 1 6 1.000000
0  -5.080509 0.374590 62.856575  0.016496 -0.987016 0.159770  0.000000 0.000000 1 6 1.000000
0  -4.117501 2.653261 65.863266  0.305400 -0.857155 0.414748  0.000000 0.000000 1 6 1.000000
  phy
0  -4.117501 2.653261 65.863266  0.305400 -0.857155 0.414748  0.000000 0.000000 1 6 1.000000
0  -5.080509 0.374590 62.856575  0.016496 -0.987016 0.159770  0.000000 0.000000 1 6 1.000000
0  -4.455509 0.592291 65.529404  0.341571 -0.935863 0.086546  0.000000 0.000000 1 6 1.000000
  phy
0  -4.117501 2.653261 65.863266  0.305400 -0.857155 0.414748  0.000000 0.000000 1 6 1.000000
0  -4.455509 0.592291 65.529404  0.341571 -0.935863 0.086546  0.000000 0.000000 1 6 1.000000
0  -3.514326 0.155279 66.985138  0.586014 -0.808060 0.060216  0.000000 0.000000 1 6 1.000000
  phy
0  -3.514326 0.155279 66.985138  0.586014 -0.808060 0.060216  0.000000 0.000000 1 6 1.000000
0  -3.247775 1.536524 67.255859  0.722585 -0.659686 0.206604  0.000000 0.000000 1 6 1.000000
0  -4.117501 2.653261 65.863266  0.305400 -0.857155 0.414748  0.000000 0.000000 1 6 1.000000
  phy
0  -2.488723 2.737563 67.455444  0.763225 -0.448578 0.465044  0.000000 0.000000 1 6 1.000000
0  -3.154956 4.280714 66.017654  0.421426 -0.593833 0.685392  0.000000 0.000000 1 6 1.000000
0  -4.117501 2.653261 65.863266  0.305400 -0.857155 0.414748  0.000000 0.000000 1 6 1.000000
  phy
0  -4.117501 2.653261 65.863266  0.305400 -0.857155 0.414748  0.000000 0.000000 1 6 1.000000
0  -3.247775 1.536524 67.255859  0.722585 -0.659686 0.206604  0.000000 0.000000 1 6 1.000000
0  -2.488723 2.737563 67.455444  0.763225 -0.448578 0.465044  0.000000 0.000000 1 6 1.000000
  phy
0  -2.222301 -0.096183 67.991913  0.873336 -0.475633 -0.105152  0.000000 0.000000 1 6 1.000000
0  -3.247775 1.536524 67.255859  0.722585 -0.659686 0.206604  0.000000 0.000000 1 6 1.000000
0  -3.514326 0.155279 66.985138  0.586014 -0.808060 0.060216  0.000000 0.000000 1 6 1.000000
  phy
0  -3.514326 0.155279 66.985138  0.586014 -0.808060 0.060216  0.000000 0.000000 1 6 1.000000
0  -3.216209 -1.754218 66.979614  0.585950 -0.796808 -0.147511  0.000000 0.000000 1 6 1.000000
0  -2.222301 -0.096183 67.991913  0.873336 -0.475633 -0.105152  0.000000 0.000000 1 6 1.000000
  phy
0  -4.455509 0.592291 65.529404  0.341571 -0.935863 0.086546  0.000000 0.000000 1 6 1.000000
0  -3.216209 -1.754218 66.979614  0.585950 -0.796808 -0.147511  0.000000 0.000000 1 6 1.000000
0  -3.514326 0.155279 66.985138  0.586014 -0.808060 0.060216  0.000000 0.000000 1 6 1.000000
  phy
0  -2.488723 2.737563 67.455444  0.763225 -0.448578 0.465044  0.000000 0.000000 1 6 1.000000
0  -3.247775 1.536524 67.255859  0.722585 -0.659686 0.206604  0.000000 0.000000 1 6 1.000000
0  -1.575855 1.539570 68.265945  0.944939 -0.287692 0.155962  0.000000 0.000000 1 6 1.000000
  phy
0  -2.488723 2.737563 67.455444  0.763225 -0.448578 0.465044  0.000000 0.000000 1 6 1.000000
0  -1.575855 1.539570 68.265945  0.944939 -0.287692 0.155962  0.000000 0.000000 1 6 1.000000
0  -0.819047 1.972331 68.309067  0.956515 -0.118569 0.266496  0.000000 0.000000 1 6 1.000000
  phy
0  -0.819047 1.972331 68.309067  0.956515 -0.118569 0.266496  0.000000 0.000000 1 6 1.000000
0  -1.352851 3.341707 67.514435  0.823977 -0.103005 0.557182  0.000000 0.000000 1 6 1.000000
0  -2.488723 2.737563 67.455444  0.763225 -0.448578 0.465044  0.000000 0.000000 1 6 1.000000
  phy
0  -2.488723 2.737563 67.455444  0.763225 -0.448578 0.465044  0.000000 0.000000 1 6 1.000000
0  -1.714434 5.220972 66.107666  0.272257 -0.249163 0.929405  0.000000 0.000000 1 6 1.000000
0  -3.154956 4.280714 66.017654  0.421426 -0.593833 0.685392  0.000000 0.000000 1 6 1.000000
  phy
0  -1.352851 3.341707 67.514435  0.823977 -0.103005 0.557182  0.000000 0.000000 1 6 1.000000
0  -1.714434 5.220972 66.107666  0.272257 -0.249163 0.929405  0.000000 0.000000 1 6 1.000000
0  -2.488723 2.737563 67.455444  0.763225 -0.448578 0.465044  0.000000 0.000000 1 6 1.000000
  phy
0  -0.819047 1.972331 68.309067  0.956515 -0.118569 0.266496  0.000000 0.000000 1 6 1.000000
0  -0.015265 2.095150 68.323914  0.939938 0.056058 0.336709  0.000000 0.000000 1 6 1.000000
0  -1.352851 3.341707 67.514435  0.823977 -0.103005 0.557182  0.000000 0.000000 1 6 1.000000
  phy
0  -3.171886 -1.776679 58.851841  -0.629259 -0.776900 -0.021416  0.000000 0.000000 1 6 1.000000
0  -3.548663 -2.941606 60.049583  -0.249622 -0.894881 -0.369968  0.000000 0.000000 1 6 1.000000
0  -4.676097 0.581459 60.935146  -0.360488 -0.858112 0.365639  0.000000 0.000000 1 6 1.000000
  phy
0  -0.860497 -3.357528 57.319485  -0.586618 -0.662122 -0.466340  0.000000 0.000000 1 6 1.000000
0  -3.548663 -2.941606 60.049583  -0.249622 -0.894881 -0.369968  0.000000 0.000000 1 6 1.000000
0  -3.171886 -1.776679 58.851841  -0.629259 -0.776900 -0.021416  0.000000 0.000000 1 6 1.000000
  phy
0  0.443635 1.864375 58.041962  -0.706884 0.214152 0.674132  0.000000 0.000000 1 6 1.000000
0  -1.165031 1.245002 57.807144  -0.877132 -0.235758 0.418400  0.000000 0.000000 1 6 1.000000
0  -1.386742 3.182603 59.702808  -0.580921 -0.073280 0.810654  0.000000 0.000000 1 6 1.000000
  phy
0  -0.012904 3.553699 67.535202  0.827734 0.081785 0.555128  0.000000 0.000000 1 6 1.000000
0  -0.015265 2.095150 68.323914  0.939938 0.056058 0.336709  0.000000 0.000000 1 6 1.000000
0  1.326942 3.341819 67.514313  0.805595 0.264931 0.529933  0.000000 0.000000 1 6 1.000000
  phy
0  1.326942 3.341819 67.514313  0.805595 0.264931 0.529933  0.000000 0.000000 1 6 1.000000
0  -0.015240 5.552444 66.139328  0.543528 0.130667 0.829158  0.000000 0.000000 1 6 1.000000
0  -0.012904 3.553699 67.535202  0.827734 0.081785 0.555128  0.000000 0.000000 1 6 1.000000
  phy
0  1.268003 -0.725360 57.427322  -0.964318 0.251650 0.082234  0.000000 0.000000 1 6 1.000000
0  0.934610 -3.355872 57.307198  -0.611553 0.486062 -0.624297  0.000000 0.000000 1 6 1.000000
0  0.031729 -3.609453 57.291973  -0.685631 -0.131260 -0.716017  0.000000 0.000000 1 6 1.000000
  phy
0  0.934610 -3.355872 57.307198  -0.611553 0.486062 -0.624297  0.000000 0.000000 1 6 1.000000
0  1.268003 -0.725360 57.427322  -0.964318 0.251650 0.082234  0.000000 0.000000 1 6 1.000000
0  3.444660 -1.748139 58.706730  -0.482406 0.751678 -0.449739  0.000000 0.000000 1 6 1.000000
  phy
0  3.564418 0.240390 59.320160  -0.676284 0.730108 0.097886  0.000000 0.000000 1 6 1.000000
0  4.662187 0.486514 60.913216  -0.351390 0.930272 0.105450  0.000000 0.000000 1 6 1.000000
0  3.444660 -1.748139 58.706730  -0.482406 0.751678 -0.449739  0.000000 0.000000 1 6 1.000000
  phy
0  4.662187 0.486514 60.913216  -0.351390 0.930272 0.105450  0.000000 0.000000 1 6 1.000000
0  3.564418 0.240390 59.320160  -0.676284 0.730108 0.097886  0.000000 0.000000 1 6 1.000000
0  3.291849 1.372889 59.452034  -0.567238 0.774877 0.278937  0.000000 0.000000 1 6 1.000000
  phy
0  1.536578 -1.656610 67.719421  0.911907 0.186471 -0.365587  0.000000 0.000000 1 6 1.000000
0  0.829359 -2.100088 67.628830  0.875114 -0.032409 -0.482831  0.000000 0.000000 1 6 1.000000
0  2.494450 -2.753213 66.821381  0.689458 0.230119 -0.686799  0.000000 0.000000 1 6 1.000000
  phy
0  2.494450 -2.753213 66.821381  0.689458 0.230119 -0.686799  0.000000 0.000000 1 6 1.000000
0  3.253435 -1.750673 66.977295  0.579553 0.715348 -0.390379  0.000000 0.000000 1 6 1.000000
0  1.536578 -1.656610 67.719421  0.911907 0.186471 -0.365587  0.000000 0.000000 1 6 1.000000
  phy
0  0.031736 -5.432793 61.448128  -0.154092 -0.164420 -0.974280  0.000000 0.000000 1 6 1.000000
0  -1.758694 -5.102758 61.479374  -0.140287 -0.580543 -0.802053  0.000000 0.000000 1 6 1.000000
0  0.031729 -3.609453 57.291973  -0.685631 -0.131260 -0.716017  0.000000 0.000000 1 6 1.000000
  phy
0  1.822145 -5.103224 61.479599  -0.207421 0.310811 -0.927563  0.000000 0.000000 1 6 1.000000
0  0.031736 -5.432793 61.448128  -0.154092 -0.164420 -0.974280  0.000000 0.000000 1 6 1.000000
0  0.031729 -3.609453 57.291973  -0.685631 -0.131260 -0.716017  0.000000 0.000000 1 6 1.000000
  phy
0  0.934610 -3.355872 57.307198  -0.611553 0.486062 -0.624297  0.000000 0.000000 1 6 1.000000
0  3.444660 -1.748139 58.706730  -0.482406 0.751678 -0.449739  0.000000 0.000000 1 6 1.000000
0  1.822145 -5.103224 61.479599  -0.207421 0.310811 -0.927563  0.000000 0.000000 1 6 1.000000
  phy
0  0.934610 -3.355872 57.307198  -0.611553 0.486062 -0.624297  0.000000 0.000000 1 6 1.000000
0  1.822145 -5.103224 61.479599  -0.207421 0.310811 -0.927563  0.000000 0.000000 1 6 1.000000
0  0.031729 -3.609453 57.291973  -0.685631 -0.131260 -0.716017  0.000000 0.000000 1 6 1.000000
  phy
0  -3.086968 -3.579728 65.317291  0.336643 -0.841065 -0.423415  0.000000 0.000000 1 6 1.000000
0  -3.216209 -1.754218 66.979614  0.585950 -0.796808 -0.147511  0.000000 0.000000 1 6 1.000000
0  -4.117536 -1.440415 65.155472  0.238385 -0.965826 -0.101749  0.000000 0.000000 1 6 1.000000
  phy
0  -4.455509 0.592291 65.529404  0.341571 -0.935863 0.086546  0.000000 0.000000 1 6 1.000000
0  -5.080509 0.374590 62.856575  0.016496 -0.987016 0.159770  0.000000 0.000000 1 6 1.000000
0  -4.117536 -1.440415 65.155472  0.238385 -0.965826 -0.101749  0.000000 0.000000 1 6 1.000000
  phy
0  -4.117536 -1.440415 65.155472  0.238385 -0.965826 -0.101749  0.000000 0.000000 1 6 1.000000
0  -3.216209 -1.754218 66.979614  0.585950 -0.796808 -0.147511  0.000000 0.000000 1 6 1.000000
0  -4.455509 0.592291 65.529404  0.341571 -0.935863 0.086546  0.000000 0.000000 1 6 1.000000
  phy
0  -3.154956 4.280714 66.017654  0.421426 -0.593833 0.685392  0.000000 0.000000 1 6 1.000000
0  -1.714434 5.220972 66.107666  0.272257 -0.249163 0.929405  0.000000 0.000000 1 6 1.000000
0  -3.635932 4.368051 63.389637  -0.128430 -0.648203 0.750558  0.000000 0.000000 1 6 1.000000
  phy
0  -0.012904 3.553699 67.535202  0.827734 0.081785 0.555128  0.000000 0.000000 1 6 1.000000
0  -0.015240 5.552444 66.139328  0.543528 0.130667 0.829158  0.000000 0.000000 1 6 1.000000
0  -1.352851 3.341707 67.514435  0.823977 -0.103005 0.557182  0.000000 0.000000 1 6 1.000000
  phy
0  -0.015240 5.552444 66.139328  0.543528 0.130667 0.829158  0.000000 0.000000 1 6 1.000000
0  -1.714434 5.220972 66.107666  0.272257 -0.249163 0.929405  0.000000 0.000000 1 6 1.000000
0  -1.352851 3.341707 67.514435  0.823977 -0.103005 0.557182  0.000000 0.000000 1 6 1.000000
  phy
0  -1.352851 3.341707 67.514435  0.823977 -0.103005 0.557182  0.000000 0.000000 1 6 1.000000
0  -0.015265 2.095150 68.323914  0.939938 0.056058 0.336709  0.000000 0.000000 1 6 1.000000
0  -0.012904 3.553699 67.535202  0.827734 0.081785 0.555128  0.000000 0.000000 1 6 1.000000
  phy
0  -0.014007 5.579238 63.505264  -0.114233 0.185980 0.975890  0.000000 0.000000 1 6 1.000000
0  -1.714434 5.220972 66.107666  0.272257 -0.249163 0.929405  0.000000 0.000000 1 6 1.000000
0  -0.015240 5.552444 66.139328  0.543528 0.130667 0.829158  0.000000 0.000000 1 6 1.000000
  phy
0  3.607910 4.368601 63.389252  -0.144104 0.878499 0.455493  0.000000 0.000000 1 6 1.000000
0  1.304266 4.240319 61.399906  -0.435598 0.481670 0.760426  0.000000 0.000000 1 6 1.000000
0  1.517338 5.259220 63.472282  -0.187164 0.455813 0.870175  0.000000 0.000000 1 6 1.000000
  phy
0  4.662187 0.486514 60.913216  -0.351390 0.930272 0.105450  0.000000 0.000000 1 6 1.000000
0  3.607910 4.368601 63.389252  -0.144104 0.878499 0.455493  0.000000 0.000000 1 6 1.000000
0  5.047678 0.322450 62.850517  -0.023558 0.970413 -0.240298  0.000000 0.000000 1 6 1.000000
  phy
0  3.444660 -1.748139 58.706730  -0.482406 0.751678 -0.449739  0.000000 0.000000 1 6 1.000000
0  4.662187 0.486514 60.913216  -0.351390 0.930272 0.105450  0.000000 0.000000 1 6 1.000000
0  5.047678 0.322450 62.850517  -0.023558 0.970413 -0.240298  0.000000 0.000000 1 6 1.000000
  phy
0  -1.758694 -5.102758 61.479374  -0.140287 -0.580543 -0.802053  0.000000 0.000000 1 6 1.000000
0  -0.860497 -3.357528 57.319485  -0.586618 -0.662122 -0.466340  0.000000 0.000000 1 6 1.000000
0  0.031729 -3.609453 57.291973  -0.685631 -0.131260 -0.716017  0.000000 0.000000 1 6 1.000000
  phy
0  -0.860497 -3.357528 57.319485  -0.586618 -0.662122 -0.466340  0.000000 0.000000 1 6 1.000000
0  -1.758694 -5.102758 61.479374  -0.140287 -0.580543 -0.802053  0.000000 0.000000 1 6 1.000000
0  -3.548663 -2.941606 60.049583  -0.249622 -0.894881 -0.369968  0.000000 0.000000 1 6 1.000000
  phy
0  -4.676097 0.581459 60.935146  -0.360488 -0.858112 0.365639  0.000000 0.000000 1 6 1.000000
0  -5.080509 0.374590 62.856575  0.016496 -0.987016 0.159770  0.000000 0.000000 1 6 1.000000
0  -3.635932 4.368051 63.389637  -0.128430 -0.648203 0.750558  0.000000 0.000000 1 6 1.000000
  phy
0  -3.548663 -2.941606 60.049583  -0.249622 -0.894881 -0.369968  0.000000 0.000000 1 6 1.000000
0  -5.080509 0.374590 62.856575  0.016496 -0.987016 0.159770  0.000000 0.000000 1 6 1.000000
0  -4.676097 0.581459 60.935146  -0.360488 -0.858112 0.365639  0.000000 0.000000 1 6 1.000000
  phy
0  -4.921884 -6.499959 1.239061  0.217282 0.715147 -0.664344  0.000000 0.000000 1 106 1.000000
0  -1.904585 -7.275249 1.180285  0.184674 -0.324628 -0.927638  0.000000 0.000000 1 106 1.000000
0  -4.206825 -2.810147 5.036592  0.059829 0.411234 -0.909564  0.000000 0.000000 1 106 1.000000
  phy
0  -1.904585 -7.275249 1.180285  0.184674 -0.324628 -0.927638  0.000000 0.000000 1 106 1.000000
0  -2.245220 -2.810162 5.036573  -0.175310 -0.299974 -0.937700  0.000000 0.000000 1 106 1.000000
0  -4.206825 -2.810147 5.036592  0.059829 0.411234 -0.909564  0.000000 0.000000 1 106 1.000000
  phy
0  -1.904585 -7.275249 1.180285  0.184674 -0.324628 -0.927638  0.000000 0.000000 1 106 1.000000
0  -2.258196 0.344408 5.179744  -0.234926 -0.961328 -0.143730  0.000000 0.000000 1 106 1.000000
0  -2.245220 -2.810162 5.036573  -0.175310 -0.299974 -0.937700  0.000000 0.000000 1 106 1.000000
  phy
0  -1.904402 -7.629701 0.057586  0.286330 -0.834578 0.470632  0.000000 0.000000 1 106 1.000000
0  -2.258196 0.344408 5.179744  -0.234926 -0.961328 -0.143730  0.000000 0.000000 1 106 1.000000
0  -1.904585 -7.275249 1.180285  0.184674 -0.324628 -0.927638  0.000000 0.000000 1 106 1.000000
  phy
0  -1.904585 -7.275249 1.180285  0.184674 -0.324628 -0.927638  0.000000 0.000000 1 106 1.000000
0  -4.921884 -6.499959 1.239061  0.217282 0.715147 -0.664344  0.000000 0.000000 1 106 1.000000
0  -1.904402 -7.629701 0.057586  0.286330 -0.834578 0.470632  0.000000 0.000000 1 106 1.000000
  phy
0  -4.921884 -6.499959 1.239061  0.217282 0.715147 -0.664344  0.000000 0.000000 1 106 1.000000
0  -4.110950 0.344450 5.179770  -0.394940 0.892951 -0.216011  0.000000 0.000000 1 106 1.000000
0  -5.015058 -6.801948 0.057606  0.206603 0.792250 0.574156  0.000000 0.000000 1 106 1.000000
  phy
0  -4.110950 0.344450 5.179770  -0.394940 0.892951 -0.216011  0.000000 0.000000 1 106 1.000000
0  -4.113722 0.538224 3.028805  -0.357355 0.858665 0.367412  0.000000 0.000000 1 106 1.000000
0  -5.015058 -6.801948 0.057606  0.206603 0.792250 0.574156  0.000000 0.000000 1 106 1.000000
  phy
0  -4.110950 0.344450 5.179770  -0.394940 0.892951 -0.216011  0.000000 0.000000 1 106 1.000000
0  -4.921884 -6.499959 1.239061  0.217282 0.715147 -0.664344  0.000000 0.000000 1 106 1.000000
0  -4.206825 -2.810147 5.036592  0.059829 0.411234 -0.909564  0.000000 0.000000 1 106 1.000000
  phy
0  -2.245220 -2.810162 5.036573  -0.175310 -0.299974 -0.937700  0.000000 0.000000 1 106 1.000000
0  -4.110950 0.344450 5.179770  -0.394940 0.892951 -0.216011  0.000000 0.000000 1 106 1.000000
0  -4.206825 -2.810147 5.036592  0.059829 0.411234 -0.909564  0.000000 0.000000 1 106 1.000000
  phy
0  -4.110950 0.344450 5.179770  -0.394940 0.892951 -0.216011  0.000000 0.000000 1 106 1.000000
0  -2.245220 -2.810162 5.036573  -0.175310 -0.299974 -0.937700  0.000000 0.000000 1 106 1.000000
0  -2.258196 0.344408 5.179744  -0.234926 -0.961328 -0.143730  0.000000 0.000000 1 106 1.000000
  phy
0  -4.110950 0.344450 5.179770  -0.394940 0.892951 -0.216011  0.000000 0.000000 1 106 1.000000
0  -2.419869 0.538213 3.028790  -0.299039 -0.931925 0.205164  0.000000 0.000000 1 106 1.000000
0  -4.113722 0.538224 3.028805  -0.357355 0.858665 0.367412  0.000000 0.000000 1 106 1.000000
  phy
0  -2.419869 0.538213 3.028790  -0.299039 -0.931925 0.205164  0.000000 0.000000 1 106 1.000000
0  -4.110950 0.344450 5.179770  -0.394940 0.892951 -0.216011  0.000000 0.000000 1 106 1.000000
0  -2.258196 0.344408 5.179744  -0.234926 -0.961328 -0.143730  0.000000 0.000000 1 106 1.000000
  phy
0  -4.921884 -6.499959 1.239061  0.217282 0.715147 -0.664344  0.000000 0.000000 1 106 1.000000
0  -5.015058 -6.801948 0.057606  0.206603 0.792250 0.574156  0.000000 0.000000 1 106 1.000000
0  -1.904402 -7.629701 0.057586  0.286330 -0.834578 0.470632  0.000000 0.000000 1 106 1.000000
  phy
0  -2.671161 0.342121 0.038089  -0.136267 -0.849028 0.510473  0.000000 0.000000 1 106 1.000000
0  -1.904402 -7.629701 0.057586  0.286330 -0.834578 0.470632  0.000000 0.000000 1 106 1.000000
0  -3.626229 0.342126 0.038097  0.294007 0.396217 0.869811  0.000000 0.000000 1 106 1.000000
  phy
0  -3.626229 0.342126 0.038097  0.294007 0.396217 0.869811  0.000000 0.000000 1 106 1.000000
0  -1.904402 -7.629701 0.057586  0.286330 -0.834578 0.470632  0.000000 0.000000 1 106 1.000000
0  -5.015058 -6.801948 0.057606  0.206603 0.792250 0.574156  0.000000 0.000000 1 106 1.000000
  phy
0  -3.626229 0.342126 0.038097  0.294007 0.396217 0.869811  0.000000 0.000000 1 106 1.000000
0  -4.113722 0.538224 3.028805  -0.357355 0.858665 0.367412  0.000000 0.000000 1 106 1.000000
0  -2.671161 0.342121 0.038089  -0.136267 -0.849028 0.510473  0.000000 0.000000 1 106 1.000000
  phy
0  -4.113722 0.538224 3.028805  -0.357355 0.858665 0.367412  0.000000 0.000000 1 106 1.000000
0  -3.626229 0.342126 0.038097  0.294007 0.396217 0.869811  0.000000 0.000000 1 106 1.000000
0  -5.015058 -6.801948 0.057606  0.206603 0.792250 0.574156  0.000000 0.000000 1 106 1.000000
  phy
0  -4.113722 0.538224 3.028805  -0.357355 0.858665 0.367412  0.000000 0.000000 1 106 1.000000
0  -2.419869 0.538213 3.028790  -0.299039 -0.931925 0.205164  0.000000 0.000000 1 106 1.000000
0  -2.671161 0.342121 0.038089  -0.136267 -0.849028 0.510473  0.000000 0.000000 1 106 1.000000
  phy
0  -2.419869 0.538213 3.028790  -0.299039 -0.931925 0.205164  0.000000 0.000000 1 106 1.000000
0  -1.904402 -7.629701 0.057586  0.286330 -0.834578 0.470632  0.000000 0.000000 1 106 1.000000
0  -2.671161 0.342121 0.038089  -0.136267 -0.849028 0.510473  0.000000 0.000000 1 106 1.000000
  phy
0  -2.419869 0.538213 3.028790  -0.299039 -0.931925 0.205164  0.000000 0.000000 1 106 1.000000
0  -2.258196 0.344408 5.179744  -0.234926 -0.961328 -0.143730  0.000000 0.000000 1 106 1.000000
0  -1.904402 -7.629701 0.057586  0.286330 -0.834578 0.470632  0.000000 0.000000 1 106 1.000000
end
